study_id,pmid,pmcid,seed,seed_category,group,N,space,n_foci,table_source,inclusion,datasets_mentioned,notes,overlap_flag
Kenny2012,22189566,PMC3708629,L_HIPP,whole,Healthy older controls,16,TAL,5,Table 2: Brain regions showing significant functional connectivity with hippocampal seed regions,include,,Manually placed 2x2-voxel seeds; FSL; authors converted MNI->TAL with GingerALE (Lancaster) so tal2icbm_fsl used to return to MNI; age >60,same subjects as other seed(s) of this study -> pooled into one experiment in all_hippocampus_MNI.txt
Kenny2012,22189566,PMC3708629,R_HIPP,whole,Healthy older controls,16,TAL,9,Table 2: Brain regions showing significant functional connectivity with hippocampal seed regions,include,,Same sample as Kenny2012 L_HIPP,same subjects as other seed(s) of this study -> pooled into one experiment in all_hippocampus_MNI.txt
Lampit2015,25805989,PMC4353252,R_HIPP,whole,"Healthy older adults (whole sample, baseline)",12,MNI,9,Table 2: Baseline whole-brain functional connectivity results for Right Hippocampus seed across the whole sample.,include,,N inferred from df=11 in table footnote (one-sample t); CONN; cluster-level FDR,
Tahmasian2013,24101900,PMC3787329,BIL_HIPP,whole,Healthy controls,20,MNI,8,Table 2: Regions of intrinsic functional connectivity (iFC) with amygdala (AY) and hippocampus (HP).,include,,"Seed: body of hippocampus (bilateral, Kahn 2008 coordinates); one-sample t, FDR p<0.05; SPM8",
Ekpo2025,41300141,PMC12650456,L_HIPP,whole,Healthy controls,17,MNI,3,"Table 3: List of significant clusters for MDD > HC, MDD, and HC groups using the left hippocampus as a seed. Pink = positive FC, ",include,REST-meta-MDD,Resting-state HC group map; only rows with positive t kept (negative FC rows dropped),mentions dataset(s): REST-meta-MDD
Kraguljac2014,25045047,PMC7891897,L_HIPP,whole,Healthy controls,22,MNI,7,Table 2:: Hippocampal resting state functional connectivity in healthy controls,include,,"AAL left hippocampus seed; one-sample t; cluster peaks only (sub-regions listed without coordinates); cluster 1 peak lies in L hippocampus (not labelled as seed, retained)",
Yan2016,28074162,PMC5198188,L_HIPP,whole,Normal controls,19,TAL,16,Table 1: Functionally connected brain areas with the left hippocampus in normal controls and mTBI survivors (voxel level: p < 0.0,include,,"REST/DPARSF (SPM-based); table labelled Talairach (authors used a nonlinear MNI->TAL adjustment, likely Brett); converted back with tal2icbm_other; two-sided one-sample t, positive t only",
Morgan2009,19945255,PMC2823966,L_aHIPP,anterior,Healthy controls,10,MNI,4,Table 2: Significant clusters of connectivity to left anterior hippocampus seed region for group of ten healthy controls (p<0.001,include,,"Seed = left anterior hippocampus cluster (defined from patients' 2dTCA map) applied to controls; SPM5; FIXED-effects group analysis, p<0.001 FWE; positive rows only",
Frank2019,31397613,PMC8080992,aHIPP,anterior,Healthy young adults,26,MNI,31,Table 2.: Anterior Hippocampal Connectivity,sensitivity_only,,"SENSITIVITY ONLY: bilateral anterior hippocampus (individual anatomical ROI); connectivity averaged over rest + passive viewing + categorization runs (background connectivity); FSL one-sample, Z>3.1; N=42 recruited-16 excluded=26; row 'Amygdala R 36,59,28' as printed (likely typo in source)",same subjects as other seed(s) of this study -> pooled into one experiment in all_hippocampus_MNI.txt
Frank2019,31397613,PMC8080992,pHIPP,posterior,Healthy young adults,26,MNI,21,Table 3.: Posterior Hippocampal Connectivity,sensitivity_only,,SENSITIVITY ONLY: bilateral posterior hippocampus; see Frank2019 aHIPP,same subjects as other seed(s) of this study -> pooled into one experiment in all_hippocampus_MNI.txt
Lindsay2025,40467423,PMC12674047,BIL_HIPP,whole,"Healthy volunteers (awake baseline, pre-propofol)",25,MNI,5,"Table 1: Whole hippocampus ROI, resting-state functional connectivity clusters with correlation at (a) baseline and with change i",include,,"Whole hippocampus seed = L+R Harvard-Oxford averaged time series; CONN; baseline resting run acquired after a brief auditory living/non-living judgement; cluster-level peaks, positive clusters only; N=25 recruited (no baseline exclusions reported)",
Ye2021,34867283,PMC8635729,L_HIPP,whole,Healthy controls,25,MNI,1,Supplementary Table 2 (Europe PMC supplementaryFiles docx): Hippocampal networks in each group - Control group: ,include,,"AAL left hippocampus seed; DPABI; one-sample t (reported as 'peak F'), Monte Carlo corrected P<0.01; only cluster peaks of very large clusters (1 focus); N=25 controls (27 recruited; Supp Table 1 n=25); peak lies near seed (not labelled as seed)",same subjects as other seed(s) of this study -> pooled into one experiment in all_hippocampus_MNI.txt
Ye2021,34867283,PMC8635729,R_HIPP,whole,Healthy controls,25,MNI,2,Supplementary Table 2 (Europe PMC supplementaryFiles docx): Hippocampal networks in each group - Control group: ,include,,AAL right hippocampus seed; see Ye2021 L_HIPP,same subjects as other seed(s) of this study -> pooled into one experiment in all_hippocampus_MNI.txt
Kong2023,37445460,PMC10342283,L_HIPP,whole,Healthy adults,119,MNI,6,Table 1: Surface brain regions derived from the left hippocampus resting-state functional and anatomical connectivity analysis.,sensitivity_only,,"SENSITIVITY ONLY: results restricted to a brain-surface mask (TMS targeting), positive rsFC thresholded at T>8; CONN/DPABI one-sample t",same subjects as other seed(s) of this study -> pooled into one experiment in all_hippocampus_MNI.txt
Kong2023,37445460,PMC10342283,R_HIPP,whole,Healthy adults,119,MNI,7,Table 2: Surface brain regions derived from the right hippocampus resting-state functional and anatomical connectivity analysis.,sensitivity_only,,SENSITIVITY ONLY: see Kong2023 L_HIPP,same subjects as other seed(s) of this study -> pooled into one experiment in all_hippocampus_MNI.txt
Medea2016,27443852,PMC6096705,L_HIPP,whole,Healthy young adults,42,MNI,2,Table 6: Spatial cluster identified in the group-level analysis of hippocampal connectivity,sensitivity_only,,SENSITIVITY ONLY: centre-of-gravity coordinates of 2 large clusters (not peak maxima); FSL FLAME Z>2.3 FWE p<.05,
