parcel,network,pct_parcel,mean_z
7Networks_RH_Vis_2,Visual,100.0,15.041546670869849
7Networks_LH_Limbic_TempPole_3,Limbic,100.0,8.054502386988306
7Networks_LH_Default_pCunPCC_3,Default mode,100.0,6.879703562355897
7Networks_LH_Vis_2,Visual,100.0,10.681966304779053
7Networks_RH_Vis_7,Visual,100.0,10.831068431629854
7Networks_RH_Vis_17,Visual,100.0,5.447352818616732
7Networks_LH_Default_pCunPCC_1,Default mode,100.0,5.716386398637151
7Networks_LH_Vis_7,Visual,100.0,8.94620668692667
7Networks_RH_Limbic_TempPole_7,Limbic,99.6415770609319,16.54521447119953
7Networks_LH_Default_PFC_8,Default mode,99.60629921259843,5.681634374286817
7Networks_LH_Vis_20,Visual,99.16666666666667,4.954553449855132
7Networks_LH_Vis_13,Visual,99.15966386554622,5.420701398687847
7Networks_LH_Limbic_TempPole_8,Limbic,99.01477832512315,11.310255463443585
7Networks_RH_Default_pCunPCC_4,Default mode,97.74436090225564,5.96785049530176
7Networks_RH_Vis_14,Visual,92.16589861751152,6.937043348550796
7Networks_RH_Default_PFCdPFCm_1,Default mode,91.28440366972477,4.555327102367203
7Networks_RH_Vis_1,Visual,90.9090909090909,6.363327305967157
7Networks_RH_Default_Temp_2,Default mode,90.9090909090909,5.784879598250756
7Networks_LH_Default_PFC_3,Default mode,90.7103825136612,4.82738205036485
7Networks_LH_Limbic_TempPole_5,Limbic,89.39393939393939,6.218849533695286
7Networks_RH_Limbic_TempPole_4,Limbic,88.56548856548856,6.764383148139631
7Networks_RH_Default_Temp_1,Default mode,88.38028169014085,5.040514550835963
7Networks_LH_Default_pCunPCC_7,Default mode,87.5,4.738898405830981
7Networks_RH_SalVentAttn_FrOperIns_1,Salience/ventral attention,86.37873754152824,5.37723469550793
7Networks_LH_Default_PFC_14,Default mode,85.77494692144374,4.2110706851033886
7Networks_RH_Default_pCunPCC_1,Default mode,84.5959595959596,5.616153953324503
7Networks_LH_Default_PFC_19,Default mode,84.10852713178295,4.697269561653313
7Networks_LH_Vis_16,Visual,84.02061855670104,4.588084520737818
7Networks_LH_Default_pCunPCC_6,Default mode,83.65650969529086,4.781607604974153
7Networks_LH_Default_Temp_1,Default mode,83.30275229357798,4.354118027876127
7Networks_LH_Limbic_TempPole_7,Limbic,83.06264501160094,4.8791243883484565
7Networks_RH_SalVentAttn_FrOperIns_3,Salience/ventral attention,80.84291187739464,4.887662048023459
7Networks_LH_Default_PFC_9,Default mode,80.42635658914729,4.564037022533187
7Networks_LH_Limbic_TempPole_6,Limbic,80.02594033722438,3.9789911321148494
7Networks_RH_Default_Temp_4,Default mode,79.31623931623932,6.0128408896512
7Networks_LH_Vis_1,Visual,78.96253602305475,5.283005193202165
7Networks_RH_Default_pCunPCC_2,Default mode,78.57142857142857,4.692094315182079
7Networks_RH_Limbic_OFC_2,Limbic,78.37837837837837,4.161938383661467
7Networks_LH_Default_PFC_4,Default mode,77.15517241379311,4.0601512293575865
7Networks_LH_Limbic_OFC_4,Limbic,77.03703703703704,3.916582931310703
7Networks_RH_Limbic_TempPole_5,Limbic,76.64543524416136,6.382972785970841
7Networks_LH_SalVentAttn_FrOperIns_1,Salience/ventral attention,76.49253731343283,4.547832158716713
7Networks_LH_Default_Temp_4,Default mode,76.33136094674556,4.989974897345215
7Networks_LH_Default_pCunPCC_2,Default mode,74.35897435897436,4.71347995931879
7Networks_LH_Default_Temp_2,Default mode,74.20091324200914,4.585471520057092
7Networks_LH_Default_pCunPCC_4,Default mode,74.15730337078652,4.628606315815087
7Networks_RH_SomMot_5,Somatomotor,72.26890756302521,3.753935605980629
7Networks_LH_Limbic_OFC_2,Limbic,69.94219653179191,3.8740764715126397
7Networks_LH_Default_PFC_16,Default mode,69.7080291970803,4.185030183242878
7Networks_LH_Default_Par_4,Default mode,68.72246696035242,4.987425946272337
7Networks_LH_Default_PFC_2,Default mode,68.3982683982684,3.917540569848652
7Networks_RH_Vis_5,Visual,67.54966887417218,6.05176396930919
7Networks_LH_Limbic_OFC_1,Limbic,65.23178807947019,3.6144355541558437
7Networks_LH_Default_PFC_13,Default mode,64.33823529411765,4.385029682431902
7Networks_RH_Default_Par_2,Default mode,64.23982869379014,3.9938886181513467
7Networks_RH_Limbic_OFC_5,Limbic,63.75404530744336,4.003369596403868
7Networks_RH_Default_PFCdPFCm_4,Default mode,63.667820069204154,4.735563742725746
7Networks_RH_Default_PFCv_2,Default mode,62.5,4.364688918325636
7Networks_LH_SalVentAttn_FrOperIns_4,Salience/ventral attention,61.30434782608695,4.556014216538017
7Networks_RH_Default_Temp_3,Default mode,59.308510638297875,4.500227282400089
7Networks_RH_Limbic_OFC_1,Limbic,57.99373040752351,3.9906871035292344
7Networks_RH_Limbic_TempPole_1,Limbic,56.03448275862069,7.044718681848966
7Networks_RH_Vis_12,Visual,54.88505747126437,4.011204660875011
7Networks_LH_Vis_4,Visual,53.36658354114713,5.003775457355464
7Networks_RH_Default_PFCdPFCm_3,Default mode,51.19047619047619,3.7057054153708524
7Networks_RH_Limbic_TempPole_3,Limbic,49.6124031007752,4.080655138939619
7Networks_RH_Default_pCunPCC_8,Default mode,47.61904761904762,3.882907193899155
7Networks_LH_Default_pCunPCC_11,Default mode,46.547314578005114,4.047317360783671
7Networks_RH_Default_pCunPCC_5,Default mode,45.93023255813954,4.513315475439724
7Networks_LH_Limbic_TempPole_2,Limbic,45.363408521303256,5.518011162952823
7Networks_RH_Default_PFCv_1,Default mode,43.53932584269663,3.650831788586032
7Networks_RH_Limbic_OFC_6,Limbic,43.10344827586207,4.0340198771158855
7Networks_LH_Default_Par_3,Default mode,41.53846153846154,4.277455379092504
7Networks_LH_Vis_22,Visual,41.46341463414634,3.984981300784092
7Networks_LH_Vis_10,Visual,41.37931034482759,3.737147432786447
7Networks_RH_Default_PFCdPFCm_7,Default mode,40.863787375415285,3.8205950143860608
7Networks_LH_DorsAttn_Post_1,Dorsal attention,40.77134986225895,3.667460299826957
7Networks_LH_Default_PFC_15,Default mode,40.646651270207855,4.096497295932337
7Networks_LH_Limbic_TempPole_1,Limbic,40.2317880794702,4.135333111256729
7Networks_RH_Limbic_TempPole_2,Limbic,40.101522842639596,4.125949948145871
7Networks_RH_DorsAttn_Post_4,Dorsal attention,39.26829268292683,3.946690597889586
7Networks_LH_SalVentAttn_FrOperIns_2,Salience/ventral attention,37.83783783783784,4.422647833824158
7Networks_RH_Default_PFCdPFCm_2,Default mode,37.68545994065282,4.352733591410119
7Networks_LH_Default_pCunPCC_9,Default mode,36.58536585365854,3.7300021266937256
7Networks_LH_Default_Par_2,Default mode,36.303630363036305,4.1476356983184814
7Networks_LH_Vis_26,Visual,36.3013698630137,3.500041327386532
7Networks_LH_Default_PFC_1,Default mode,35.62945368171022,3.6795284223556517
7Networks_LH_Default_PFC_22,Default mode,35.546875,3.8741236519027544
7Networks_RH_Limbic_OFC_3,Limbic,35.0,3.8098031578207374
7Networks_RH_Cont_Temp_1,Frontoparietal control,28.900709219858157,4.267188437877257
7Networks_LH_Limbic_OFC_3,Limbic,28.73194221508828,3.9944681362066854
7Networks_LH_Default_pCunPCC_5,Default mode,28.225806451612904,3.6514931338174
7Networks_RH_Vis_20,Visual,26.751592356687897,4.408105594771249
7Networks_RH_Default_pCunPCC_7,Default mode,25.735294117647058,3.5635048559733797
7Networks_RH_Default_pCunPCC_6,Default mode,24.78386167146974,3.529256446416988
7Networks_LH_Default_PFC_11,Default mode,24.324324324324323,3.833996781596431
7Networks_RH_Vis_24,Visual,24.307692307692307,3.96531769293773
7Networks_RH_Default_PFCdPFCm_6,Default mode,23.71794871794872,3.693656380112107
7Networks_RH_SalVentAttn_Med_3,Salience/ventral attention,23.137254901960784,3.5035336381298
7Networks_RH_Vis_3,Visual,22.816901408450704,4.146242436067558
7Networks_RH_SalVentAttn_FrOperIns_4,Salience/ventral attention,22.54335260115607,3.4848150656773496
7Networks_RH_Limbic_TempPole_6,Limbic,22.350230414746544,4.3754118275396605
7Networks_RH_SomMot_9,Somatomotor,21.92982456140351,3.6027122211456297
7Networks_LH_Default_Par_6,Default mode,20.3579418344519,4.183155518311721
7Networks_RH_Limbic_OFC_4,Limbic,20.087336244541486,3.481449754341789
7Networks_LH_Default_pCunPCC_8,Default mode,19.396551724137932,3.7050512684716117
7Networks_LH_Limbic_OFC_5,Limbic,19.34065934065934,3.5701432769948784
7Networks_RH_SomMot_1,Somatomotor,19.29460580912863,4.385518676491194
7Networks_LH_Cont_Cing_2,Frontoparietal control,19.2,3.344390163818995
7Networks_LH_Default_PFC_12,Default mode,19.162995594713657,3.3261996493942436
7Networks_RH_DorsAttn_Post_1,Dorsal attention,18.69918699186992,3.5177376598551655
7Networks_LH_Default_Temp_5,Default mode,18.561484918793504,4.187178665399552
7Networks_LH_Cont_OFC_1,Frontoparietal control,17.91907514450867,3.605804451050297
7Networks_RH_Default_Temp_5,Default mode,17.01492537313433,3.7459422287188078
7Networks_RH_Default_Par_5,Default mode,15.158371040723981,3.7268498192972213
7Networks_LH_SalVentAttn_Med_3,Salience/ventral attention,14.8014440433213,3.341484587366988
7Networks_LH_DorsAttn_Post_4,Dorsal attention,14.571428571428571,3.9104449047761807
7Networks_RH_SomMot_4,Somatomotor,14.012738853503185,3.3100589405406606
7Networks_LH_SalVentAttn_Med_5,Salience/ventral attention,13.450292397660819,3.393696525822515
7Networks_RH_Default_PFCdPFCm_5,Default mode,12.88659793814433,3.573349952697754
7Networks_RH_Cont_Temp_2,Frontoparietal control,12.610619469026549,3.368094377350389
7Networks_RH_SomMot_20,Somatomotor,11.904761904761905,3.2783767700195314
7Networks_RH_Cont_PFCv_1,Frontoparietal control,11.79245283018868,3.5674069595336912
7Networks_RH_Default_pCunPCC_9,Default mode,11.618257261410788,3.516963848045894
7Networks_RH_Default_pCunPCC_3,Default mode,11.39240506329114,3.563872708214654
7Networks_LH_Default_PFC_18,Default mode,9.956709956709958,3.512624180835226
7Networks_RH_Cont_PFCmp_1,Frontoparietal control,8.705882352941176,3.481094521445197
7Networks_LH_DorsAttn_Post_2,Dorsal attention,8.333333333333334,3.3846133690254363
7Networks_LH_Default_PFC_6,Default mode,8.280254777070065,3.273537195645846
7Networks_RH_Default_Temp_6,Default mode,8.280254777070065,3.576785050905668
7Networks_LH_Default_PFC_23,Default mode,8.115183246073299,3.7644618941891577
7Networks_RH_Default_Temp_7,Default mode,8.080808080808081,3.485752448439598
7Networks_LH_Default_Temp_7,Default mode,7.949790794979079,3.6703250910106457
7Networks_RH_Cont_PFCl_3,Frontoparietal control,7.572383073496659,3.3455349487416886
7Networks_RH_SalVentAttn_Med_6,Salience/ventral attention,7.368421052631579,3.251390269824437
7Networks_LH_SalVentAttn_PFCl_1,Salience/ventral attention,7.3131955484896665,3.9027356272158413
7Networks_LH_SomMot_1,Somatomotor,7.142857142857143,3.6146498237337386
7Networks_RH_SomMot_6,Somatomotor,6.730769230769231,3.2407191140311107
7Networks_RH_Vis_19,Visual,6.022187004754358,4.086298158294277
7Networks_LH_Default_PFC_21,Default mode,6.007067137809187,3.6205442091997933
7Networks_LH_Default_Par_5,Default mode,5.898123324396783,3.53601272539659
7Networks_RH_Cont_PFCl_4,Frontoparietal control,5.673758865248227,3.2566218078136444
7Networks_LH_SomMot_4,Somatomotor,5.533596837944664,3.2950506380626132
7Networks_LH_Cont_PFCv_1,Frontoparietal control,5.063291139240507,3.5272885262966156
7Networks_RH_SalVentAttn_FrOperIns_2,Salience/ventral attention,4.651162790697675,3.757788340250651
7Networks_LH_Cont_PFCl_8,Frontoparietal control,4.522613065326633,3.3229029840893216
7Networks_LH_Limbic_TempPole_4,Limbic,4.301075268817204,3.363347125053406
7Networks_LH_Vis_21,Visual,4.139433551198257,3.3362699433376917
7Networks_LH_Default_Temp_3,Default mode,3.874538745387454,3.373550233386812
7Networks_RH_Cont_pCun_2,Frontoparietal control,3.755868544600939,3.4918399155139923
7Networks_RH_Default_Par_3,Default mode,3.6796536796536796,3.313751641441794
7Networks_RH_Default_PFCdPFCm_12,Default mode,3.350515463917526,3.256270555349497
7Networks_RH_Default_PFCv_3,Default mode,3.3057851239669422,3.4299170076847076
7Networks_RH_SalVentAttn_FrOperIns_6,Salience/ventral attention,3.289473684210526,3.2834373474121095
7Networks_RH_Cont_PFCl_1,Frontoparietal control,2.9484029484029484,3.3301042517026267
7Networks_RH_Default_PFCv_4,Default mode,2.7027027027027026,3.5041230576378957
7Networks_LH_Default_PFC_5,Default mode,2.5078369905956115,3.39664688706398
7Networks_RH_Vis_11,Visual,2.4390243902439024,3.5545107424259186
7Networks_RH_DorsAttn_Post_3,Dorsal attention,2.3121387283236996,3.2209640741348267
7Networks_LH_Cont_PFCl_4,Frontoparietal control,2.278481012658228,3.7136102782355414
7Networks_RH_Vis_6,Visual,2.2641509433962264,3.384428342183431
7Networks_LH_SomMot_3,Somatomotor,1.9867549668874172,3.583039124806722
7Networks_LH_Vis_23,Visual,1.408450704225352,3.4937373995780945
7Networks_RH_Default_PFCdPFCm_9,Default mode,1.0452961672473868,3.449610630671183
7Networks_RH_DorsAttn_Post_2,Dorsal attention,0.9009009009009009,3.3112847010294595
7Networks_RH_Vis_22,Visual,0.8849557522123894,3.7638244152069094
7Networks_LH_Default_Temp_8,Default mode,0.8810572687224669,3.3115726709365845
7Networks_LH_Vis_25,Visual,0.8565310492505354,3.226099371910095
7Networks_RH_Default_PFCdPFCm_8,Default mode,0.8042895442359249,3.355684995651245
7Networks_RH_SalVentAttn_TempOccPar_1,Salience/ventral attention,0.7751937984496124,3.271552085876465
7Networks_RH_SomMot_3,Somatomotor,0.7058823529411765,3.3939383824666343
7Networks_RH_SomMot_11,Somatomotor,0.6993006993006993,3.4727182388305664
7Networks_RH_SalVentAttn_FrOperIns_5,Salience/ventral attention,0.6976744186046512,3.9535637696584067
7Networks_LH_SomMot_18,Somatomotor,0.6289308176100629,3.289586067199707
7Networks_LH_Default_Temp_6,Default mode,0.5813953488372093,3.5527501106262207
7Networks_LH_Default_PFC_17,Default mode,0.5681818181818182,3.1421112219492593
7Networks_RH_SomMot_24,Somatomotor,0.5208333333333334,3.221699833869934
7Networks_RH_SomMot_2,Somatomotor,0.5,3.152419686317444
7Networks_RH_Vis_16,Visual,0.48,3.2967671553293862
7Networks_LH_Vis_30,Visual,0.4,3.1645429134368896
7Networks_LH_SalVentAttn_Med_6,Salience/ventral attention,0.3875968992248062,3.1599364280700684
7Networks_RH_Vis_9,Visual,0.3454231433506045,3.3925870656967163
7Networks_RH_Cont_PFCl_6,Frontoparietal control,0.33112582781456956,3.4774279594421387
7Networks_RH_Vis_27,Visual,0.32894736842105265,3.73191499710083
7Networks_RH_SalVentAttn_FrOperIns_7,Salience/ventral attention,0.32362459546925565,3.5108442306518555
