study_id,pmid,record_id,seed,group,N,space,x,y,z,region,table_label,t_or_z,notes,same_sample_id,inclusion
Zhao2019,30529694,PMID30529694,"hippocampal subregion IC1 (masked-ICA/mICA of Harvard-Oxford hippocampus, 17 ICs; dual regression)","healthy young adults, rested wakefulness session",40,MNI,12,-44,4,Cingulum_Post_R,Table 1 (rested wakefulness),t=8.53,cluster k=14 voxels; AAL-region peaks; voxelwise permutation p<0.05/17 (Bonferroni over ICs); GSR in dual regression; ages 17-23 (mean 20.1); positive rows only (negative rows omitted); peaks within hippocampus/MTL near seed retained as printed; verified in pypdf and pdfplumber text,Zhao2019_RW,main
Zhao2019,30529694,PMID30529694,"hippocampal subregion IC1 (masked-ICA/mICA of Harvard-Oxford hippocampus, 17 ICs; dual regression)","healthy young adults, rested wakefulness session",40,MNI,-16,-38,-2,Hippocampus_L,Table 1 (rested wakefulness),t=8.94,cluster k=76 voxels; AAL-region peaks; voxelwise permutation p<0.05/17 (Bonferroni over ICs); GSR in dual regression; ages 17-23 (mean 20.1); positive rows only (negative rows omitted); peaks within hippocampus/MTL near seed retained as printed; verified in pypdf and pdfplumber text,Zhao2019_RW,main
Zhao2019,30529694,PMID30529694,"hippocampal subregion IC1 (masked-ICA/mICA of Harvard-Oxford hippocampus, 17 ICs; dual regression)","healthy young adults, rested wakefulness session",40,MNI,26,-18,-20,Hippocampus_R,Table 1 (rested wakefulness),t=8.43,cluster k=164 voxels; AAL-region peaks; voxelwise permutation p<0.05/17 (Bonferroni over ICs); GSR in dual regression; ages 17-23 (mean 20.1); positive rows only (negative rows omitted); peaks within hippocampus/MTL near seed retained as printed; verified in pypdf and pdfplumber text,Zhao2019_RW,main
Zhao2019,30529694,PMID30529694,"hippocampal subregion IC1 (masked-ICA/mICA of Harvard-Oxford hippocampus, 17 ICs; dual regression)","healthy young adults, rested wakefulness session",40,MNI,26,-24,-20,ParaHippocampal_R,Table 1 (rested wakefulness),t=8.40,cluster k=27 voxels; AAL-region peaks; voxelwise permutation p<0.05/17 (Bonferroni over ICs); GSR in dual regression; ages 17-23 (mean 20.1); positive rows only (negative rows omitted); peaks within hippocampus/MTL near seed retained as printed; verified in pypdf and pdfplumber text,Zhao2019_RW,main
Zhao2019,30529694,PMID30529694,"hippocampal subregion IC1 (masked-ICA/mICA of Harvard-Oxford hippocampus, 17 ICs; dual regression)","healthy young adults, rested wakefulness session",40,MNI,-14,-40,-2,Precuneus_L,Table 1 (rested wakefulness),t=8.16,cluster k=26 voxels; AAL-region peaks; voxelwise permutation p<0.05/17 (Bonferroni over ICs); GSR in dual regression; ages 17-23 (mean 20.1); positive rows only (negative rows omitted); peaks within hippocampus/MTL near seed retained as printed; verified in pypdf and pdfplumber text,Zhao2019_RW,main
Zhao2019,30529694,PMID30529694,"hippocampal subregion IC1 (masked-ICA/mICA of Harvard-Oxford hippocampus, 17 ICs; dual regression)","healthy young adults, rested wakefulness session",40,MNI,20,-40,0,Precuneus_R,Table 1 (rested wakefulness),t=8.08,cluster k=23 voxels; AAL-region peaks; voxelwise permutation p<0.05/17 (Bonferroni over ICs); GSR in dual regression; ages 17-23 (mean 20.1); positive rows only (negative rows omitted); peaks within hippocampus/MTL near seed retained as printed; verified in pypdf and pdfplumber text,Zhao2019_RW,main
Zhao2019,30529694,PMID30529694,"hippocampal subregion IC1 (masked-ICA/mICA of Harvard-Oxford hippocampus, 17 ICs; dual regression)","healthy young adults, rested wakefulness session",40,MNI,16,-34,0,Thalamus_R,Table 1 (rested wakefulness),t=8.67,cluster k=12 voxels; AAL-region peaks; voxelwise permutation p<0.05/17 (Bonferroni over ICs); GSR in dual regression; ages 17-23 (mean 20.1); positive rows only (negative rows omitted); peaks within hippocampus/MTL near seed retained as printed; verified in pypdf and pdfplumber text,Zhao2019_RW,main
Zhao2019,30529694,PMID30529694,"hippocampal subregion IC2 (masked-ICA/mICA of Harvard-Oxford hippocampus, 17 ICs; dual regression)","healthy young adults, rested wakefulness session",40,MNI,-26,-40,-4,Hippocampus_L,Table 1 (rested wakefulness),t=8.77,cluster k=51 voxels; AAL-region peaks; voxelwise permutation p<0.05/17 (Bonferroni over ICs); GSR in dual regression; ages 17-23 (mean 20.1); positive rows only (negative rows omitted); peaks within hippocampus/MTL near seed retained as printed; verified in pypdf and pdfplumber text,Zhao2019_RW,main
Zhao2019,30529694,PMID30529694,"hippocampal subregion IC2 (masked-ICA/mICA of Harvard-Oxford hippocampus, 17 ICs; dual regression)","healthy young adults, rested wakefulness session",40,MNI,32,-14,-24,Hippocampus_R,Table 1 (rested wakefulness),t=12.97,cluster k=197 voxels; AAL-region peaks; voxelwise permutation p<0.05/17 (Bonferroni over ICs); GSR in dual regression; ages 17-23 (mean 20.1); positive rows only (negative rows omitted); peaks within hippocampus/MTL near seed retained as printed; verified in pypdf and pdfplumber text,Zhao2019_RW,main
Zhao2019,30529694,PMID30529694,"hippocampal subregion IC2 (masked-ICA/mICA of Harvard-Oxford hippocampus, 17 ICs; dual regression)","healthy young adults, rested wakefulness session",40,MNI,-22,-42,-6,ParaHippocampal_L,Table 1 (rested wakefulness),t=8.20,cluster k=13 voxels; AAL-region peaks; voxelwise permutation p<0.05/17 (Bonferroni over ICs); GSR in dual regression; ages 17-23 (mean 20.1); positive rows only (negative rows omitted); peaks within hippocampus/MTL near seed retained as printed; verified in pypdf and pdfplumber text,Zhao2019_RW,main
Zhao2019,30529694,PMID30529694,"hippocampal subregion IC2 (masked-ICA/mICA of Harvard-Oxford hippocampus, 17 ICs; dual regression)","healthy young adults, rested wakefulness session",40,MNI,32,-18,-26,ParaHippocampal_R,Table 1 (rested wakefulness),t=7.85,cluster k=125 voxels; AAL-region peaks; voxelwise permutation p<0.05/17 (Bonferroni over ICs); GSR in dual regression; ages 17-23 (mean 20.1); positive rows only (negative rows omitted); peaks within hippocampus/MTL near seed retained as printed; verified in pypdf and pdfplumber text,Zhao2019_RW,main
Zhao2019,30529694,PMID30529694,"hippocampal subregion IC2 (masked-ICA/mICA of Harvard-Oxford hippocampus, 17 ICs; dual regression)","healthy young adults, rested wakefulness session",40,MNI,36,-16,-26,Fusiform_R,Table 1 (rested wakefulness),t=7.93,cluster k=14 voxels; AAL-region peaks; voxelwise permutation p<0.05/17 (Bonferroni over ICs); GSR in dual regression; ages 17-23 (mean 20.1); positive rows only (negative rows omitted); peaks within hippocampus/MTL near seed retained as printed; verified in pypdf and pdfplumber text,Zhao2019_RW,main
Zhao2019,30529694,PMID30529694,"hippocampal subregion IC3 (masked-ICA/mICA of Harvard-Oxford hippocampus, 17 ICs; dual regression)","healthy young adults, rested wakefulness session",40,MNI,-22,-12,-26,Hippocampus_L,Table 1 (rested wakefulness),t=13.14,cluster k=52 voxels; AAL-region peaks; voxelwise permutation p<0.05/17 (Bonferroni over ICs); GSR in dual regression; ages 17-23 (mean 20.1); positive rows only (negative rows omitted); peaks within hippocampus/MTL near seed retained as printed; verified in pypdf and pdfplumber text,Zhao2019_RW,main
Zhao2019,30529694,PMID30529694,"hippocampal subregion IC3 (masked-ICA/mICA of Harvard-Oxford hippocampus, 17 ICs; dual regression)","healthy young adults, rested wakefulness session",40,MNI,-22,-12,-32,ParaHippocampal_L,Table 1 (rested wakefulness),t=8.85,cluster k=124 voxels; AAL-region peaks; voxelwise permutation p<0.05/17 (Bonferroni over ICs); GSR in dual regression; ages 17-23 (mean 20.1); positive rows only (negative rows omitted); peaks within hippocampus/MTL near seed retained as printed; verified in pypdf and pdfplumber text,Zhao2019_RW,main
Zhao2019,30529694,PMID30529694,"hippocampal subregion IC3 (masked-ICA/mICA of Harvard-Oxford hippocampus, 17 ICs; dual regression)","healthy young adults, rested wakefulness session",40,MNI,-22,-6,-26,Amygdala_L,Table 1 (rested wakefulness),t=15.46,cluster k=58 voxels; AAL-region peaks; voxelwise permutation p<0.05/17 (Bonferroni over ICs); GSR in dual regression; ages 17-23 (mean 20.1); positive rows only (negative rows omitted); peaks within hippocampus/MTL near seed retained as printed; verified in pypdf and pdfplumber text,Zhao2019_RW,main
Zhao2019,30529694,PMID30529694,"hippocampal subregion IC3 (masked-ICA/mICA of Harvard-Oxford hippocampus, 17 ICs; dual regression)","healthy young adults, rested wakefulness session",40,MNI,-30,-10,-32,Fusiform_L,Table 1 (rested wakefulness),t=8.60,cluster k=19 voxels; AAL-region peaks; voxelwise permutation p<0.05/17 (Bonferroni over ICs); GSR in dual regression; ages 17-23 (mean 20.1); positive rows only (negative rows omitted); peaks within hippocampus/MTL near seed retained as printed; verified in pypdf and pdfplumber text,Zhao2019_RW,main
Zhao2019,30529694,PMID30529694,"hippocampal subregion IC4 (masked-ICA/mICA of Harvard-Oxford hippocampus, 17 ICs; dual regression)","healthy young adults, rested wakefulness session",40,MNI,-20,-8,-26,Hippocampus_L,Table 1 (rested wakefulness),t=9.60,cluster k=123 voxels; AAL-region peaks; voxelwise permutation p<0.05/17 (Bonferroni over ICs); GSR in dual regression; ages 17-23 (mean 20.1); positive rows only (negative rows omitted); peaks within hippocampus/MTL near seed retained as printed; verified in pypdf and pdfplumber text,Zhao2019_RW,main
Zhao2019,30529694,PMID30529694,"hippocampal subregion IC4 (masked-ICA/mICA of Harvard-Oxford hippocampus, 17 ICs; dual regression)","healthy young adults, rested wakefulness session",40,MNI,-20,-8,-28,ParaHippocampal_L,Table 1 (rested wakefulness),t=9.09,cluster k=31 voxels; AAL-region peaks; voxelwise permutation p<0.05/17 (Bonferroni over ICs); GSR in dual regression; ages 17-23 (mean 20.1); positive rows only (negative rows omitted); peaks within hippocampus/MTL near seed retained as printed; verified in pypdf and pdfplumber text,Zhao2019_RW,main
Zhao2019,30529694,PMID30529694,"hippocampal subregion IC5 (masked-ICA/mICA of Harvard-Oxford hippocampus, 17 ICs; dual regression)","healthy young adults, rested wakefulness session",40,MNI,-16,32,36,Frontal_Sup_L,Table 1 (rested wakefulness),t=9.08,cluster k=50 voxels; AAL-region peaks; voxelwise permutation p<0.05/17 (Bonferroni over ICs); GSR in dual regression; ages 17-23 (mean 20.1); positive rows only (negative rows omitted); peaks within hippocampus/MTL near seed retained as printed; verified in pypdf and pdfplumber text,Zhao2019_RW,main
Zhao2019,30529694,PMID30529694,"hippocampal subregion IC5 (masked-ICA/mICA of Harvard-Oxford hippocampus, 17 ICs; dual regression)","healthy young adults, rested wakefulness session",40,MNI,22,36,34,Frontal_Sup_R,Table 1 (rested wakefulness),t=9.67,cluster k=40 voxels; AAL-region peaks; voxelwise permutation p<0.05/17 (Bonferroni over ICs); GSR in dual regression; ages 17-23 (mean 20.1); positive rows only (negative rows omitted); peaks within hippocampus/MTL near seed retained as printed; verified in pypdf and pdfplumber text,Zhao2019_RW,main
Zhao2019,30529694,PMID30529694,"hippocampal subregion IC5 (masked-ICA/mICA of Harvard-Oxford hippocampus, 17 ICs; dual regression)","healthy young adults, rested wakefulness session",40,MNI,0,54,-10,Frontal_Med_Orb_L,Table 1 (rested wakefulness),t=8.96,cluster k=31 voxels; AAL-region peaks; voxelwise permutation p<0.05/17 (Bonferroni over ICs); GSR in dual regression; ages 17-23 (mean 20.1); positive rows only (negative rows omitted); peaks within hippocampus/MTL near seed retained as printed; verified in pypdf and pdfplumber text,Zhao2019_RW,main
Zhao2019,30529694,PMID30529694,"hippocampal subregion IC5 (masked-ICA/mICA of Harvard-Oxford hippocampus, 17 ICs; dual regression)","healthy young adults, rested wakefulness session",40,MNI,0,56,-8,Frontal_Med_Orb_R,Table 1 (rested wakefulness),t=9.02,cluster k=25 voxels; AAL-region peaks; voxelwise permutation p<0.05/17 (Bonferroni over ICs); GSR in dual regression; ages 17-23 (mean 20.1); positive rows only (negative rows omitted); peaks within hippocampus/MTL near seed retained as printed; verified in pypdf and pdfplumber text,Zhao2019_RW,main
Zhao2019,30529694,PMID30529694,"hippocampal subregion IC5 (masked-ICA/mICA of Harvard-Oxford hippocampus, 17 ICs; dual regression)","healthy young adults, rested wakefulness session",40,MNI,-8,-44,28,Cingulum_Mid_L,Table 1 (rested wakefulness),t=8.91,cluster k=112 voxels; AAL-region peaks; voxelwise permutation p<0.05/17 (Bonferroni over ICs); GSR in dual regression; ages 17-23 (mean 20.1); positive rows only (negative rows omitted); peaks within hippocampus/MTL near seed retained as printed; verified in pypdf and pdfplumber text,Zhao2019_RW,main
Zhao2019,30529694,PMID30529694,"hippocampal subregion IC5 (masked-ICA/mICA of Harvard-Oxford hippocampus, 17 ICs; dual regression)","healthy young adults, rested wakefulness session",40,MNI,2,-38,24,Cingulum_Mid_R,Table 1 (rested wakefulness),t=9.69,cluster k=149 voxels; AAL-region peaks; voxelwise permutation p<0.05/17 (Bonferroni over ICs); GSR in dual regression; ages 17-23 (mean 20.1); positive rows only (negative rows omitted); peaks within hippocampus/MTL near seed retained as printed; verified in pypdf and pdfplumber text,Zhao2019_RW,main
Zhao2019,30529694,PMID30529694,"hippocampal subregion IC5 (masked-ICA/mICA of Harvard-Oxford hippocampus, 17 ICs; dual regression)","healthy young adults, rested wakefulness session",40,MNI,-6,-44,2,Cingulum_Post_L,Table 1 (rested wakefulness),t=10.05,cluster k=261 voxels; AAL-region peaks; voxelwise permutation p<0.05/17 (Bonferroni over ICs); GSR in dual regression; ages 17-23 (mean 20.1); positive rows only (negative rows omitted); peaks within hippocampus/MTL near seed retained as printed; verified in pypdf and pdfplumber text,Zhao2019_RW,main
Zhao2019,30529694,PMID30529694,"hippocampal subregion IC5 (masked-ICA/mICA of Harvard-Oxford hippocampus, 17 ICs; dual regression)","healthy young adults, rested wakefulness session",40,MNI,6,-44,2,Cingulum_Post_R,Table 1 (rested wakefulness),t=9.24,cluster k=149 voxels; AAL-region peaks; voxelwise permutation p<0.05/17 (Bonferroni over ICs); GSR in dual regression; ages 17-23 (mean 20.1); positive rows only (negative rows omitted); peaks within hippocampus/MTL near seed retained as printed; verified in pypdf and pdfplumber text,Zhao2019_RW,main
Zhao2019,30529694,PMID30529694,"hippocampal subregion IC5 (masked-ICA/mICA of Harvard-Oxford hippocampus, 17 ICs; dual regression)","healthy young adults, rested wakefulness session",40,MNI,-22,-12,-26,Hippocampus_L,Table 1 (rested wakefulness),t=11.41,cluster k=131 voxels; AAL-region peaks; voxelwise permutation p<0.05/17 (Bonferroni over ICs); GSR in dual regression; ages 17-23 (mean 20.1); positive rows only (negative rows omitted); peaks within hippocampus/MTL near seed retained as printed; verified in pypdf and pdfplumber text,Zhao2019_RW,main
Zhao2019,30529694,PMID30529694,"hippocampal subregion IC5 (masked-ICA/mICA of Harvard-Oxford hippocampus, 17 ICs; dual regression)","healthy young adults, rested wakefulness session",40,MNI,26,-12,-26,Hippocampus_R,Table 1 (rested wakefulness),t=10.23,cluster k=110 voxels; AAL-region peaks; voxelwise permutation p<0.05/17 (Bonferroni over ICs); GSR in dual regression; ages 17-23 (mean 20.1); positive rows only (negative rows omitted); peaks within hippocampus/MTL near seed retained as printed; verified in pypdf and pdfplumber text,Zhao2019_RW,main
Zhao2019,30529694,PMID30529694,"hippocampal subregion IC5 (masked-ICA/mICA of Harvard-Oxford hippocampus, 17 ICs; dual regression)","healthy young adults, rested wakefulness session",40,MNI,-24,-16,-32,ParaHippocampal_L,Table 1 (rested wakefulness),t=9.98,cluster k=380 voxels; AAL-region peaks; voxelwise permutation p<0.05/17 (Bonferroni over ICs); GSR in dual regression; ages 17-23 (mean 20.1); positive rows only (negative rows omitted); peaks within hippocampus/MTL near seed retained as printed; verified in pypdf and pdfplumber text,Zhao2019_RW,main
Zhao2019,30529694,PMID30529694,"hippocampal subregion IC5 (masked-ICA/mICA of Harvard-Oxford hippocampus, 17 ICs; dual regression)","healthy young adults, rested wakefulness session",40,MNI,24,-16,-32,ParaHippocampal_R,Table 1 (rested wakefulness),t=9.08,cluster k=353 voxels; AAL-region peaks; voxelwise permutation p<0.05/17 (Bonferroni over ICs); GSR in dual regression; ages 17-23 (mean 20.1); positive rows only (negative rows omitted); peaks within hippocampus/MTL near seed retained as printed; verified in pypdf and pdfplumber text,Zhao2019_RW,main
Zhao2019,30529694,PMID30529694,"hippocampal subregion IC5 (masked-ICA/mICA of Harvard-Oxford hippocampus, 17 ICs; dual regression)","healthy young adults, rested wakefulness session",40,MNI,-6,-48,0,Calcarine_L,Table 1 (rested wakefulness),t=9.78,cluster k=108 voxels; AAL-region peaks; voxelwise permutation p<0.05/17 (Bonferroni over ICs); GSR in dual regression; ages 17-23 (mean 20.1); positive rows only (negative rows omitted); peaks within hippocampus/MTL near seed retained as printed; verified in pypdf and pdfplumber text,Zhao2019_RW,main
Zhao2019,30529694,PMID30529694,"hippocampal subregion IC5 (masked-ICA/mICA of Harvard-Oxford hippocampus, 17 ICs; dual regression)","healthy young adults, rested wakefulness session",40,MNI,16,-52,4,Calcarine_R,Table 1 (rested wakefulness),t=9.63,cluster k=114 voxels; AAL-region peaks; voxelwise permutation p<0.05/17 (Bonferroni over ICs); GSR in dual regression; ages 17-23 (mean 20.1); positive rows only (negative rows omitted); peaks within hippocampus/MTL near seed retained as printed; verified in pypdf and pdfplumber text,Zhao2019_RW,main
Zhao2019,30529694,PMID30529694,"hippocampal subregion IC5 (masked-ICA/mICA of Harvard-Oxford hippocampus, 17 ICs; dual regression)","healthy young adults, rested wakefulness session",40,MNI,-10,-64,14,Cuneus_L,Table 1 (rested wakefulness),t=9.36,cluster k=105 voxels; AAL-region peaks; voxelwise permutation p<0.05/17 (Bonferroni over ICs); GSR in dual regression; ages 17-23 (mean 20.1); positive rows only (negative rows omitted); peaks within hippocampus/MTL near seed retained as printed; verified in pypdf and pdfplumber text,Zhao2019_RW,main
Zhao2019,30529694,PMID30529694,"hippocampal subregion IC5 (masked-ICA/mICA of Harvard-Oxford hippocampus, 17 ICs; dual regression)","healthy young adults, rested wakefulness session",40,MNI,2,-64,16,Cuneus_R,Table 1 (rested wakefulness),t=10.29,cluster k=39 voxels; AAL-region peaks; voxelwise permutation p<0.05/17 (Bonferroni over ICs); GSR in dual regression; ages 17-23 (mean 20.1); positive rows only (negative rows omitted); peaks within hippocampus/MTL near seed retained as printed; verified in pypdf and pdfplumber text,Zhao2019_RW,main
Zhao2019,30529694,PMID30529694,"hippocampal subregion IC5 (masked-ICA/mICA of Harvard-Oxford hippocampus, 17 ICs; dual regression)","healthy young adults, rested wakefulness session",40,MNI,-22,-44,-4,Lingual_L,Table 1 (rested wakefulness),t=9.05,cluster k=20 voxels; AAL-region peaks; voxelwise permutation p<0.05/17 (Bonferroni over ICs); GSR in dual regression; ages 17-23 (mean 20.1); positive rows only (negative rows omitted); peaks within hippocampus/MTL near seed retained as printed; verified in pypdf and pdfplumber text,Zhao2019_RW,main
Zhao2019,30529694,PMID30529694,"hippocampal subregion IC5 (masked-ICA/mICA of Harvard-Oxford hippocampus, 17 ICs; dual regression)","healthy young adults, rested wakefulness session",40,MNI,14,-40,-2,Lingual_R,Table 1 (rested wakefulness),t=8.95,cluster k=14 voxels; AAL-region peaks; voxelwise permutation p<0.05/17 (Bonferroni over ICs); GSR in dual regression; ages 17-23 (mean 20.1); positive rows only (negative rows omitted); peaks within hippocampus/MTL near seed retained as printed; verified in pypdf and pdfplumber text,Zhao2019_RW,main
Zhao2019,30529694,PMID30529694,"hippocampal subregion IC5 (masked-ICA/mICA of Harvard-Oxford hippocampus, 17 ICs; dual regression)","healthy young adults, rested wakefulness session",40,MNI,-28,-20,-30,Fusiform_L,Table 1 (rested wakefulness),t=10.46,cluster k=164 voxels; AAL-region peaks; voxelwise permutation p<0.05/17 (Bonferroni over ICs); GSR in dual regression; ages 17-23 (mean 20.1); positive rows only (negative rows omitted); peaks within hippocampus/MTL near seed retained as printed; verified in pypdf and pdfplumber text,Zhao2019_RW,main
Zhao2019,30529694,PMID30529694,"hippocampal subregion IC5 (masked-ICA/mICA of Harvard-Oxford hippocampus, 17 ICs; dual regression)","healthy young adults, rested wakefulness session",40,MNI,30,-18,-32,Fusiform_R,Table 1 (rested wakefulness),t=9.06,cluster k=74 voxels; AAL-region peaks; voxelwise permutation p<0.05/17 (Bonferroni over ICs); GSR in dual regression; ages 17-23 (mean 20.1); positive rows only (negative rows omitted); peaks within hippocampus/MTL near seed retained as printed; verified in pypdf and pdfplumber text,Zhao2019_RW,main
Zhao2019,30529694,PMID30529694,"hippocampal subregion IC5 (masked-ICA/mICA of Harvard-Oxford hippocampus, 17 ICs; dual regression)","healthy young adults, rested wakefulness session",40,MNI,-14,-44,-2,Precuneus_L,Table 1 (rested wakefulness),t=9.18,cluster k=446 voxels; AAL-region peaks; voxelwise permutation p<0.05/17 (Bonferroni over ICs); GSR in dual regression; ages 17-23 (mean 20.1); positive rows only (negative rows omitted); peaks within hippocampus/MTL near seed retained as printed; verified in pypdf and pdfplumber text,Zhao2019_RW,main
Zhao2019,30529694,PMID30529694,"hippocampal subregion IC5 (masked-ICA/mICA of Harvard-Oxford hippocampus, 17 ICs; dual regression)","healthy young adults, rested wakefulness session",40,MNI,22,-42,-2,Precuneus_R,Table 1 (rested wakefulness),t=9.64,cluster k=532 voxels; AAL-region peaks; voxelwise permutation p<0.05/17 (Bonferroni over ICs); GSR in dual regression; ages 17-23 (mean 20.1); positive rows only (negative rows omitted); peaks within hippocampus/MTL near seed retained as printed; verified in pypdf and pdfplumber text,Zhao2019_RW,main
Zhao2019,30529694,PMID30529694,"hippocampal subregion IC6 (masked-ICA/mICA of Harvard-Oxford hippocampus, 17 ICs; dual regression)","healthy young adults, rested wakefulness session",40,MNI,24,-6,-28,Hippocampus_R,Table 1 (rested wakefulness),t=11.27,cluster k=128 voxels; AAL-region peaks; voxelwise permutation p<0.05/17 (Bonferroni over ICs); GSR in dual regression; ages 17-23 (mean 20.1); positive rows only (negative rows omitted); peaks within hippocampus/MTL near seed retained as printed; verified in pypdf and pdfplumber text,Zhao2019_RW,main
Zhao2019,30529694,PMID30529694,"hippocampal subregion IC6 (masked-ICA/mICA of Harvard-Oxford hippocampus, 17 ICs; dual regression)","healthy young adults, rested wakefulness session",40,MNI,26,-14,-32,ParaHippocampal_R,Table 1 (rested wakefulness),t=8.10,cluster k=146 voxels; AAL-region peaks; voxelwise permutation p<0.05/17 (Bonferroni over ICs); GSR in dual regression; ages 17-23 (mean 20.1); positive rows only (negative rows omitted); peaks within hippocampus/MTL near seed retained as printed; verified in pypdf and pdfplumber text,Zhao2019_RW,main
Zhao2019,30529694,PMID30529694,"hippocampal subregion IC6 (masked-ICA/mICA of Harvard-Oxford hippocampus, 17 ICs; dual regression)","healthy young adults, rested wakefulness session",40,MNI,26,-4,-28,Amygdala_R,Table 1 (rested wakefulness),t=9.85,cluster k=70 voxels; AAL-region peaks; voxelwise permutation p<0.05/17 (Bonferroni over ICs); GSR in dual regression; ages 17-23 (mean 20.1); positive rows only (negative rows omitted); peaks within hippocampus/MTL near seed retained as printed; verified in pypdf and pdfplumber text,Zhao2019_RW,main
Zhao2019,30529694,PMID30529694,"hippocampal subregion IC7 (masked-ICA/mICA of Harvard-Oxford hippocampus, 17 ICs; dual regression)","healthy young adults, rested wakefulness session",40,MNI,-22,-36,-6,Hippocampus_L,Table 1 (rested wakefulness),t=7.96,cluster k=34 voxels; AAL-region peaks; voxelwise permutation p<0.05/17 (Bonferroni over ICs); GSR in dual regression; ages 17-23 (mean 20.1); positive rows only (negative rows omitted); peaks within hippocampus/MTL near seed retained as printed; verified in pypdf and pdfplumber text,Zhao2019_RW,main
Zhao2019,30529694,PMID30529694,"hippocampal subregion IC7 (masked-ICA/mICA of Harvard-Oxford hippocampus, 17 ICs; dual regression)","healthy young adults, rested wakefulness session",40,MNI,22,-14,-22,Hippocampus_R,Table 1 (rested wakefulness),t=8.61,cluster k=162 voxels; AAL-region peaks; voxelwise permutation p<0.05/17 (Bonferroni over ICs); GSR in dual regression; ages 17-23 (mean 20.1); positive rows only (negative rows omitted); peaks within hippocampus/MTL near seed retained as printed; verified in pypdf and pdfplumber text,Zhao2019_RW,main
Zhao2019,30529694,PMID30529694,"hippocampal subregion IC7 (masked-ICA/mICA of Harvard-Oxford hippocampus, 17 ICs; dual regression)","healthy young adults, rested wakefulness session",40,MNI,18,-14,-22,ParaHippocampal_R,Table 1 (rested wakefulness),t=8.74,cluster k=52 voxels; AAL-region peaks; voxelwise permutation p<0.05/17 (Bonferroni over ICs); GSR in dual regression; ages 17-23 (mean 20.1); positive rows only (negative rows omitted); peaks within hippocampus/MTL near seed retained as printed; verified in pypdf and pdfplumber text,Zhao2019_RW,main
Zhao2019,30529694,PMID30529694,"hippocampal subregion IC7 (masked-ICA/mICA of Harvard-Oxford hippocampus, 17 ICs; dual regression)","healthy young adults, rested wakefulness session",40,MNI,22,-4,-20,Amygdala_R,Table 1 (rested wakefulness),t=8.70,cluster k=25 voxels; AAL-region peaks; voxelwise permutation p<0.05/17 (Bonferroni over ICs); GSR in dual regression; ages 17-23 (mean 20.1); positive rows only (negative rows omitted); peaks within hippocampus/MTL near seed retained as printed; verified in pypdf and pdfplumber text,Zhao2019_RW,main
Zhao2019,30529694,PMID30529694,"hippocampal subregion IC8 (masked-ICA/mICA of Harvard-Oxford hippocampus, 17 ICs; dual regression)","healthy young adults, rested wakefulness session",40,MNI,-24,-22,-18,Hippocampus_L,Table 1 (rested wakefulness),t=8.04,cluster k=106 voxels; AAL-region peaks; voxelwise permutation p<0.05/17 (Bonferroni over ICs); GSR in dual regression; ages 17-23 (mean 20.1); positive rows only (negative rows omitted); peaks within hippocampus/MTL near seed retained as printed; verified in pypdf and pdfplumber text,Zhao2019_RW,main
Zhao2019,30529694,PMID30529694,"hippocampal subregion IC8 (masked-ICA/mICA of Harvard-Oxford hippocampus, 17 ICs; dual regression)","healthy young adults, rested wakefulness session",40,MNI,-24,-30,-18,ParaHippocampal_L,Table 1 (rested wakefulness),t=8.16,cluster k=27 voxels; AAL-region peaks; voxelwise permutation p<0.05/17 (Bonferroni over ICs); GSR in dual regression; ages 17-23 (mean 20.1); positive rows only (negative rows omitted); peaks within hippocampus/MTL near seed retained as printed; verified in pypdf and pdfplumber text,Zhao2019_RW,main
Zhao2019,30529694,PMID30529694,"hippocampal subregion IC9 (masked-ICA/mICA of Harvard-Oxford hippocampus, 17 ICs; dual regression)","healthy young adults, rested wakefulness session",40,MNI,-18,-14,-22,Hippocampus_L,Table 1 (rested wakefulness),t=9.49,cluster k=76 voxels; AAL-region peaks; voxelwise permutation p<0.05/17 (Bonferroni over ICs); GSR in dual regression; ages 17-23 (mean 20.1); positive rows only (negative rows omitted); peaks within hippocampus/MTL near seed retained as printed; verified in pypdf and pdfplumber text,Zhao2019_RW,main
Zhao2019,30529694,PMID30529694,"hippocampal subregion IC9 (masked-ICA/mICA of Harvard-Oxford hippocampus, 17 ICs; dual regression)","healthy young adults, rested wakefulness session",40,MNI,-14,-12,-24,ParaHippocampal_L,Table 1 (rested wakefulness),t=9.00,cluster k=32 voxels; AAL-region peaks; voxelwise permutation p<0.05/17 (Bonferroni over ICs); GSR in dual regression; ages 17-23 (mean 20.1); positive rows only (negative rows omitted); peaks within hippocampus/MTL near seed retained as printed; verified in pypdf and pdfplumber text,Zhao2019_RW,main
Zhao2019,30529694,PMID30529694,"hippocampal subregion IC9 (masked-ICA/mICA of Harvard-Oxford hippocampus, 17 ICs; dual regression)","healthy young adults, rested wakefulness session",40,MNI,-18,-4,-22,Amygdala_L,Table 1 (rested wakefulness),t=9.66,cluster k=21 voxels; AAL-region peaks; voxelwise permutation p<0.05/17 (Bonferroni over ICs); GSR in dual regression; ages 17-23 (mean 20.1); positive rows only (negative rows omitted); peaks within hippocampus/MTL near seed retained as printed; verified in pypdf and pdfplumber text,Zhao2019_RW,main
Zhao2019,30529694,PMID30529694,"hippocampal subregion IC10 (masked-ICA/mICA of Harvard-Oxford hippocampus, 17 ICs; dual regression)","healthy young adults, rested wakefulness session",40,MNI,-20,-38,-4,Hippocampus_L,Table 1 (rested wakefulness),t=10.01,cluster k=31 voxels; AAL-region peaks; voxelwise permutation p<0.05/17 (Bonferroni over ICs); GSR in dual regression; ages 17-23 (mean 20.1); positive rows only (negative rows omitted); peaks within hippocampus/MTL near seed retained as printed; verified in pypdf and pdfplumber text,Zhao2019_RW,main
Zhao2019,30529694,PMID30529694,"hippocampal subregion IC10 (masked-ICA/mICA of Harvard-Oxford hippocampus, 17 ICs; dual regression)","healthy young adults, rested wakefulness session",40,MNI,38,-26,-14,Hippocampus_R,Table 1 (rested wakefulness),t=9.84,cluster k=210 voxels; AAL-region peaks; voxelwise permutation p<0.05/17 (Bonferroni over ICs); GSR in dual regression; ages 17-23 (mean 20.1); positive rows only (negative rows omitted); peaks within hippocampus/MTL near seed retained as printed; verified in pypdf and pdfplumber text,Zhao2019_RW,main
Zhao2019,30529694,PMID30529694,"hippocampal subregion IC10 (masked-ICA/mICA of Harvard-Oxford hippocampus, 17 ICs; dual regression)","healthy young adults, rested wakefulness session",40,MNI,34,-32,-16,ParaHippocampal_R,Table 1 (rested wakefulness),t=9.67,cluster k=146 voxels; AAL-region peaks; voxelwise permutation p<0.05/17 (Bonferroni over ICs); GSR in dual regression; ages 17-23 (mean 20.1); positive rows only (negative rows omitted); peaks within hippocampus/MTL near seed retained as printed; verified in pypdf and pdfplumber text,Zhao2019_RW,main
Zhao2019,30529694,PMID30529694,"hippocampal subregion IC10 (masked-ICA/mICA of Harvard-Oxford hippocampus, 17 ICs; dual regression)","healthy young adults, rested wakefulness session",40,MNI,34,-36,-14,Fusiform_R,Table 1 (rested wakefulness),t=9.65,cluster k=23 voxels; AAL-region peaks; voxelwise permutation p<0.05/17 (Bonferroni over ICs); GSR in dual regression; ages 17-23 (mean 20.1); positive rows only (negative rows omitted); peaks within hippocampus/MTL near seed retained as printed; verified in pypdf and pdfplumber text,Zhao2019_RW,main
Zhao2019,30529694,PMID30529694,"hippocampal subregion IC11 (masked-ICA/mICA of Harvard-Oxford hippocampus, 17 ICs; dual regression)","healthy young adults, rested wakefulness session",40,MNI,-26,-12,-22,Hippocampus_L,Table 1 (rested wakefulness),t=7.95,cluster k=268 voxels; AAL-region peaks; voxelwise permutation p<0.05/17 (Bonferroni over ICs); GSR in dual regression; ages 17-23 (mean 20.1); positive rows only (negative rows omitted); peaks within hippocampus/MTL near seed retained as printed; verified in pypdf and pdfplumber text,Zhao2019_RW,main
Zhao2019,30529694,PMID30529694,"hippocampal subregion IC11 (masked-ICA/mICA of Harvard-Oxford hippocampus, 17 ICs; dual regression)","healthy young adults, rested wakefulness session",40,MNI,30,-10,-20,Hippocampus_R,Table 1 (rested wakefulness),t=8.13,cluster k=156 voxels; AAL-region peaks; voxelwise permutation p<0.05/17 (Bonferroni over ICs); GSR in dual regression; ages 17-23 (mean 20.1); positive rows only (negative rows omitted); peaks within hippocampus/MTL near seed retained as printed; verified in pypdf and pdfplumber text,Zhao2019_RW,main
Zhao2019,30529694,PMID30529694,"hippocampal subregion IC11 (masked-ICA/mICA of Harvard-Oxford hippocampus, 17 ICs; dual regression)","healthy young adults, rested wakefulness session",40,MNI,-24,-6,-22,Amygdala_L,Table 1 (rested wakefulness),t=8.00,cluster k=55 voxels; AAL-region peaks; voxelwise permutation p<0.05/17 (Bonferroni over ICs); GSR in dual regression; ages 17-23 (mean 20.1); positive rows only (negative rows omitted); peaks within hippocampus/MTL near seed retained as printed; verified in pypdf and pdfplumber text,Zhao2019_RW,main
Zhao2019,30529694,PMID30529694,"hippocampal subregion IC11 (masked-ICA/mICA of Harvard-Oxford hippocampus, 17 ICs; dual regression)","healthy young adults, rested wakefulness session",40,MNI,30,-6,-20,Amygdala_R,Table 1 (rested wakefulness),t=9.56,cluster k=32 voxels; AAL-region peaks; voxelwise permutation p<0.05/17 (Bonferroni over ICs); GSR in dual regression; ages 17-23 (mean 20.1); positive rows only (negative rows omitted); peaks within hippocampus/MTL near seed retained as printed; verified in pypdf and pdfplumber text,Zhao2019_RW,main
Zhao2019,30529694,PMID30529694,"hippocampal subregion IC12 (masked-ICA/mICA of Harvard-Oxford hippocampus, 17 ICs; dual regression)","healthy young adults, rested wakefulness session",40,MNI,20,-6,-24,Hippocampus_R,Table 1 (rested wakefulness),t=9.12,cluster k=181 voxels; AAL-region peaks; voxelwise permutation p<0.05/17 (Bonferroni over ICs); GSR in dual regression; ages 17-23 (mean 20.1); positive rows only (negative rows omitted); peaks within hippocampus/MTL near seed retained as printed; verified in pypdf and pdfplumber text,Zhao2019_RW,main
Zhao2019,30529694,PMID30529694,"hippocampal subregion IC12 (masked-ICA/mICA of Harvard-Oxford hippocampus, 17 ICs; dual regression)","healthy young adults, rested wakefulness session",40,MNI,20,-8,-24,ParaHippocampal_R,Table 1 (rested wakefulness),t=8.87,cluster k=48 voxels; AAL-region peaks; voxelwise permutation p<0.05/17 (Bonferroni over ICs); GSR in dual regression; ages 17-23 (mean 20.1); positive rows only (negative rows omitted); peaks within hippocampus/MTL near seed retained as printed; verified in pypdf and pdfplumber text,Zhao2019_RW,main
Zhao2019,30529694,PMID30529694,"hippocampal subregion IC13 (masked-ICA/mICA of Harvard-Oxford hippocampus, 17 ICs; dual regression)","healthy young adults, rested wakefulness session",40,MNI,30,-34,-8,Hippocampus_R,Table 1 (rested wakefulness),t=9.14,cluster k=179 voxels; AAL-region peaks; voxelwise permutation p<0.05/17 (Bonferroni over ICs); GSR in dual regression; ages 17-23 (mean 20.1); positive rows only (negative rows omitted); peaks within hippocampus/MTL near seed retained as printed; verified in pypdf and pdfplumber text,Zhao2019_RW,main
Zhao2019,30529694,PMID30529694,"hippocampal subregion IC13 (masked-ICA/mICA of Harvard-Oxford hippocampus, 17 ICs; dual regression)","healthy young adults, rested wakefulness session",40,MNI,28,-40,-8,ParaHippocampal_R,Table 1 (rested wakefulness),t=9.83,cluster k=57 voxels; AAL-region peaks; voxelwise permutation p<0.05/17 (Bonferroni over ICs); GSR in dual regression; ages 17-23 (mean 20.1); positive rows only (negative rows omitted); peaks within hippocampus/MTL near seed retained as printed; verified in pypdf and pdfplumber text,Zhao2019_RW,main
Zhao2019,30529694,PMID30529694,"hippocampal subregion IC13 (masked-ICA/mICA of Harvard-Oxford hippocampus, 17 ICs; dual regression)","healthy young adults, rested wakefulness session",40,MNI,30,-46,-4,Lingual_R,Table 1 (rested wakefulness),t=8.37,cluster k=13 voxels; AAL-region peaks; voxelwise permutation p<0.05/17 (Bonferroni over ICs); GSR in dual regression; ages 17-23 (mean 20.1); positive rows only (negative rows omitted); peaks within hippocampus/MTL near seed retained as printed; verified in pypdf and pdfplumber text,Zhao2019_RW,main
Zhao2019,30529694,PMID30529694,"hippocampal subregion IC13 (masked-ICA/mICA of Harvard-Oxford hippocampus, 17 ICs; dual regression)","healthy young adults, rested wakefulness session",40,MNI,22,-44,-2,Precuneus_R,Table 1 (rested wakefulness),t=13.55,cluster k=48 voxels; AAL-region peaks; voxelwise permutation p<0.05/17 (Bonferroni over ICs); GSR in dual regression; ages 17-23 (mean 20.1); positive rows only (negative rows omitted); peaks within hippocampus/MTL near seed retained as printed; verified in pypdf and pdfplumber text,Zhao2019_RW,main
Zhao2019,30529694,PMID30529694,"hippocampal subregion IC13 (masked-ICA/mICA of Harvard-Oxford hippocampus, 17 ICs; dual regression)","healthy young adults, rested wakefulness session",40,MNI,18,-30,-2,Thalamus_R,Table 1 (rested wakefulness),t=9.59,cluster k=20 voxels; AAL-region peaks; voxelwise permutation p<0.05/17 (Bonferroni over ICs); GSR in dual regression; ages 17-23 (mean 20.1); positive rows only (negative rows omitted); peaks within hippocampus/MTL near seed retained as printed; verified in pypdf and pdfplumber text,Zhao2019_RW,main
Zhao2019,30529694,PMID30529694,"hippocampal subregion IC14 (masked-ICA/mICA of Harvard-Oxford hippocampus, 17 ICs; dual regression)","healthy young adults, rested wakefulness session",40,MNI,-20,-30,-12,Hippocampus_L,Table 1 (rested wakefulness),t=10.40,cluster k=169 voxels; AAL-region peaks; voxelwise permutation p<0.05/17 (Bonferroni over ICs); GSR in dual regression; ages 17-23 (mean 20.1); positive rows only (negative rows omitted); peaks within hippocampus/MTL near seed retained as printed; verified in pypdf and pdfplumber text,Zhao2019_RW,main
Zhao2019,30529694,PMID30529694,"hippocampal subregion IC14 (masked-ICA/mICA of Harvard-Oxford hippocampus, 17 ICs; dual regression)","healthy young adults, rested wakefulness session",40,MNI,-24,-36,-14,ParaHippocampal_L,Table 1 (rested wakefulness),t=9.07,cluster k=113 voxels; AAL-region peaks; voxelwise permutation p<0.05/17 (Bonferroni over ICs); GSR in dual regression; ages 17-23 (mean 20.1); positive rows only (negative rows omitted); peaks within hippocampus/MTL near seed retained as printed; verified in pypdf and pdfplumber text,Zhao2019_RW,main
Zhao2019,30529694,PMID30529694,"hippocampal subregion IC14 (masked-ICA/mICA of Harvard-Oxford hippocampus, 17 ICs; dual regression)","healthy young adults, rested wakefulness session",40,MNI,-26,-46,-8,Lingual_L,Table 1 (rested wakefulness),t=9.52,cluster k=44 voxels; AAL-region peaks; voxelwise permutation p<0.05/17 (Bonferroni over ICs); GSR in dual regression; ages 17-23 (mean 20.1); positive rows only (negative rows omitted); peaks within hippocampus/MTL near seed retained as printed; verified in pypdf and pdfplumber text,Zhao2019_RW,main
Zhao2019,30529694,PMID30529694,"hippocampal subregion IC15 (masked-ICA/mICA of Harvard-Oxford hippocampus, 17 ICs; dual regression)","healthy young adults, rested wakefulness session",40,MNI,-32,-26,-16,Hippocampus_L,Table 1 (rested wakefulness),t=9.02,cluster k=128 voxels; AAL-region peaks; voxelwise permutation p<0.05/17 (Bonferroni over ICs); GSR in dual regression; ages 17-23 (mean 20.1); positive rows only (negative rows omitted); peaks within hippocampus/MTL near seed retained as printed; verified in pypdf and pdfplumber text,Zhao2019_RW,main
Zhao2019,30529694,PMID30529694,"hippocampal subregion IC15 (masked-ICA/mICA of Harvard-Oxford hippocampus, 17 ICs; dual regression)","healthy young adults, rested wakefulness session",40,MNI,38,-24,-16,Hippocampus_R,Table 1 (rested wakefulness),t=8.62,cluster k=87 voxels; AAL-region peaks; voxelwise permutation p<0.05/17 (Bonferroni over ICs); GSR in dual regression; ages 17-23 (mean 20.1); positive rows only (negative rows omitted); peaks within hippocampus/MTL near seed retained as printed; verified in pypdf and pdfplumber text,Zhao2019_RW,main
Zhao2019,30529694,PMID30529694,"hippocampal subregion IC15 (masked-ICA/mICA of Harvard-Oxford hippocampus, 17 ICs; dual regression)","healthy young adults, rested wakefulness session",40,MNI,-30,-32,-16,ParaHippocampal_L,Table 1 (rested wakefulness),t=7.98,cluster k=17 voxels; AAL-region peaks; voxelwise permutation p<0.05/17 (Bonferroni over ICs); GSR in dual regression; ages 17-23 (mean 20.1); positive rows only (negative rows omitted); peaks within hippocampus/MTL near seed retained as printed; verified in pypdf and pdfplumber text,Zhao2019_RW,main
Zhao2019,30529694,PMID30529694,"hippocampal subregion IC15 (masked-ICA/mICA of Harvard-Oxford hippocampus, 17 ICs; dual regression)","healthy young adults, rested wakefulness session",40,MNI,36,-30,-16,ParaHippocampal_R,Table 1 (rested wakefulness),t=8.04,cluster k=30 voxels; AAL-region peaks; voxelwise permutation p<0.05/17 (Bonferroni over ICs); GSR in dual regression; ages 17-23 (mean 20.1); positive rows only (negative rows omitted); peaks within hippocampus/MTL near seed retained as printed; verified in pypdf and pdfplumber text,Zhao2019_RW,main
Zhao2019,30529694,PMID30529694,"hippocampal subregion IC15 (masked-ICA/mICA of Harvard-Oxford hippocampus, 17 ICs; dual regression)","healthy young adults, rested wakefulness session",40,MNI,38,-30,-16,Fusiform_R,Table 1 (rested wakefulness),t=8.23,cluster k=17 voxels; AAL-region peaks; voxelwise permutation p<0.05/17 (Bonferroni over ICs); GSR in dual regression; ages 17-23 (mean 20.1); positive rows only (negative rows omitted); peaks within hippocampus/MTL near seed retained as printed; verified in pypdf and pdfplumber text,Zhao2019_RW,main
Zhao2019,30529694,PMID30529694,"hippocampal subregion IC16 (masked-ICA/mICA of Harvard-Oxford hippocampus, 17 ICs; dual regression)","healthy young adults, rested wakefulness session",40,MNI,-32,-10,-24,Hippocampus_L,Table 1 (rested wakefulness),t=12.03,cluster k=67 voxels; AAL-region peaks; voxelwise permutation p<0.05/17 (Bonferroni over ICs); GSR in dual regression; ages 17-23 (mean 20.1); positive rows only (negative rows omitted); peaks within hippocampus/MTL near seed retained as printed; verified in pypdf and pdfplumber text,Zhao2019_RW,main
Zhao2019,30529694,PMID30529694,"hippocampal subregion IC16 (masked-ICA/mICA of Harvard-Oxford hippocampus, 17 ICs; dual regression)","healthy young adults, rested wakefulness session",40,MNI,-30,-16,-26,ParaHippocampal_L,Table 1 (rested wakefulness),t=8.59,cluster k=11 voxels; AAL-region peaks; voxelwise permutation p<0.05/17 (Bonferroni over ICs); GSR in dual regression; ages 17-23 (mean 20.1); positive rows only (negative rows omitted); peaks within hippocampus/MTL near seed retained as printed; verified in pypdf and pdfplumber text,Zhao2019_RW,main
Zhao2019,30529694,PMID30529694,"hippocampal subregion IC16 (masked-ICA/mICA of Harvard-Oxford hippocampus, 17 ICs; dual regression)","healthy young adults, rested wakefulness session",40,MNI,-32,-16,-26,Fusiform_L,Table 1 (rested wakefulness),t=8.57,cluster k=20 voxels; AAL-region peaks; voxelwise permutation p<0.05/17 (Bonferroni over ICs); GSR in dual regression; ages 17-23 (mean 20.1); positive rows only (negative rows omitted); peaks within hippocampus/MTL near seed retained as printed; verified in pypdf and pdfplumber text,Zhao2019_RW,main
Zhao2019,30529694,PMID30529694,"hippocampal subregion IC17 (masked-ICA/mICA of Harvard-Oxford hippocampus, 17 ICs; dual regression)","healthy young adults, rested wakefulness session",40,MNI,-6,-44,2,Cingulum_Post_L,Table 1 (rested wakefulness),t=8.38,cluster k=45 voxels; AAL-region peaks; voxelwise permutation p<0.05/17 (Bonferroni over ICs); GSR in dual regression; ages 17-23 (mean 20.1); positive rows only (negative rows omitted); peaks within hippocampus/MTL near seed retained as printed; verified in pypdf and pdfplumber text,Zhao2019_RW,main
Zhao2019,30529694,PMID30529694,"hippocampal subregion IC17 (masked-ICA/mICA of Harvard-Oxford hippocampus, 17 ICs; dual regression)","healthy young adults, rested wakefulness session",40,MNI,14,-42,4,Cingulum_Post_R,Table 1 (rested wakefulness),t=10.35,cluster k=22 voxels; AAL-region peaks; voxelwise permutation p<0.05/17 (Bonferroni over ICs); GSR in dual regression; ages 17-23 (mean 20.1); positive rows only (negative rows omitted); peaks within hippocampus/MTL near seed retained as printed; verified in pypdf and pdfplumber text,Zhao2019_RW,main
Zhao2019,30529694,PMID30529694,"hippocampal subregion IC17 (masked-ICA/mICA of Harvard-Oxford hippocampus, 17 ICs; dual regression)","healthy young adults, rested wakefulness session",40,MNI,-20,-38,-4,Hippocampus_L,Table 1 (rested wakefulness),t=10.54,cluster k=145 voxels; AAL-region peaks; voxelwise permutation p<0.05/17 (Bonferroni over ICs); GSR in dual regression; ages 17-23 (mean 20.1); positive rows only (negative rows omitted); peaks within hippocampus/MTL near seed retained as printed; verified in pypdf and pdfplumber text,Zhao2019_RW,main
Zhao2019,30529694,PMID30529694,"hippocampal subregion IC17 (masked-ICA/mICA of Harvard-Oxford hippocampus, 17 ICs; dual regression)","healthy young adults, rested wakefulness session",40,MNI,20,-36,2,Hippocampus_R,Table 1 (rested wakefulness),t=8.33,cluster k=46 voxels; AAL-region peaks; voxelwise permutation p<0.05/17 (Bonferroni over ICs); GSR in dual regression; ages 17-23 (mean 20.1); positive rows only (negative rows omitted); peaks within hippocampus/MTL near seed retained as printed; verified in pypdf and pdfplumber text,Zhao2019_RW,main
Zhao2019,30529694,PMID30529694,"hippocampal subregion IC17 (masked-ICA/mICA of Harvard-Oxford hippocampus, 17 ICs; dual regression)","healthy young adults, rested wakefulness session",40,MNI,-12,-48,4,Calcarine_L,Table 1 (rested wakefulness),t=8.72,cluster k=16 voxels; AAL-region peaks; voxelwise permutation p<0.05/17 (Bonferroni over ICs); GSR in dual regression; ages 17-23 (mean 20.1); positive rows only (negative rows omitted); peaks within hippocampus/MTL near seed retained as printed; verified in pypdf and pdfplumber text,Zhao2019_RW,main
Zhao2019,30529694,PMID30529694,"hippocampal subregion IC17 (masked-ICA/mICA of Harvard-Oxford hippocampus, 17 ICs; dual regression)","healthy young adults, rested wakefulness session",40,MNI,-20,-44,-4,Lingual_L,Table 1 (rested wakefulness),t=9.66,cluster k=33 voxels; AAL-region peaks; voxelwise permutation p<0.05/17 (Bonferroni over ICs); GSR in dual regression; ages 17-23 (mean 20.1); positive rows only (negative rows omitted); peaks within hippocampus/MTL near seed retained as printed; verified in pypdf and pdfplumber text,Zhao2019_RW,main
Zhao2019,30529694,PMID30529694,"hippocampal subregion IC17 (masked-ICA/mICA of Harvard-Oxford hippocampus, 17 ICs; dual regression)","healthy young adults, rested wakefulness session",40,MNI,-18,-46,-2,Precuneus_L,Table 1 (rested wakefulness),t=9.95,cluster k=96 voxels; AAL-region peaks; voxelwise permutation p<0.05/17 (Bonferroni over ICs); GSR in dual regression; ages 17-23 (mean 20.1); positive rows only (negative rows omitted); peaks within hippocampus/MTL near seed retained as printed; verified in pypdf and pdfplumber text,Zhao2019_RW,main
Zhao2019,30529694,PMID30529694,"hippocampal subregion IC17 (masked-ICA/mICA of Harvard-Oxford hippocampus, 17 ICs; dual regression)","healthy young adults, rested wakefulness session",40,MNI,18,-42,2,Precuneus_R,Table 1 (rested wakefulness),t=9.40,cluster k=19 voxels; AAL-region peaks; voxelwise permutation p<0.05/17 (Bonferroni over ICs); GSR in dual regression; ages 17-23 (mean 20.1); positive rows only (negative rows omitted); peaks within hippocampus/MTL near seed retained as printed; verified in pypdf and pdfplumber text,Zhao2019_RW,main
Zhao2019,30529694,PMID30529694,"hippocampal subregion IC17 (masked-ICA/mICA of Harvard-Oxford hippocampus, 17 ICs; dual regression)","healthy young adults, rested wakefulness session",40,MNI,-14,-32,-2,Thalamus_L,Table 1 (rested wakefulness),t=9.94,cluster k=105 voxels; AAL-region peaks; voxelwise permutation p<0.05/17 (Bonferroni over ICs); GSR in dual regression; ages 17-23 (mean 20.1); positive rows only (negative rows omitted); peaks within hippocampus/MTL near seed retained as printed; verified in pypdf and pdfplumber text,Zhao2019_RW,main
Zhao2019,30529694,PMID30529694,"hippocampal subregion IC17 (masked-ICA/mICA of Harvard-Oxford hippocampus, 17 ICs; dual regression)","healthy young adults, rested wakefulness session",40,MNI,14,-36,2,Thalamus_R,Table 1 (rested wakefulness),t=10.20,cluster k=68 voxels; AAL-region peaks; voxelwise permutation p<0.05/17 (Bonferroni over ICs); GSR in dual regression; ages 17-23 (mean 20.1); positive rows only (negative rows omitted); peaks within hippocampus/MTL near seed retained as printed; verified in pypdf and pdfplumber text,Zhao2019_RW,main
