bin,y_lo,y_hi,n_vox,n_seed,mean_foci,y_center,network,pct_of_sig_cortex,pct_network_sig,mean_z,delta_p
y-12_-6,-12.0,-6.0,232,652,63.09049079754601,-9.0,Visual,16.624668863474835,11.294004038275832,0.9007954597473145,1.4912350103259087
y-12_-6,-12.0,-6.0,232,652,63.09049079754601,-9.0,Somatomotor,0.3618272274988693,0.29818956336528224,-0.6109477877616882,-0.9404093958437443
y-12_-6,-12.0,-6.0,232,652,63.09049079754601,-9.0,Dorsal attention,2.3260321767784453,2.53324889170361,-1.1300342082977295,-1.9689122214913368
y-12_-6,-12.0,-6.0,232,652,63.09049079754601,-9.0,Salience/ventral attention,3.295212250436131,3.607299476587919,-0.6285817623138428,-1.1943727731704712
y-12_-6,-12.0,-6.0,232,652,63.09049079754601,-9.0,Limbic,30.81346514182335,42.60698650942553,3.526111364364624,4.930776730179787
y-12_-6,-12.0,-6.0,232,652,63.09049079754601,-9.0,Frontoparietal control,0.7236544549977386,0.603025897808647,-0.1823771893978119,-0.45790132135152817
y-12_-6,-12.0,-6.0,232,652,63.09049079754601,-9.0,Default mode,45.85513988499063,21.934785968165663,1.6971362829208374,2.712469920516014
y-18_-12,-18.0,-12.0,274,708,62.36440677966102,-15.0,Visual,16.683808404349104,9.968396102185936,0.8186922669410706,1.3758816756308079
y-18_-12,-18.0,-12.0,274,708,62.36440677966102,-15.0,Somatomotor,0.6905671466353218,0.5005324813631523,0.10618654638528824,0.13248859904706478
y-18_-12,-18.0,-12.0,274,708,62.36440677966102,-15.0,Dorsal attention,1.2195121951219512,1.1681092111744424,-0.5028441548347473,-0.9195748716592789
y-18_-12,-18.0,-12.0,274,708,62.36440677966102,-15.0,Salience/ventral attention,3.203056126946812,3.0838873956712405,-0.2664729654788971,-0.6285200826823711
y-18_-12,-18.0,-12.0,274,708,62.36440677966102,-15.0,Limbic,28.379371143109022,34.512641829715,3.200448989868164,4.1968319565057755
y-18_-12,-18.0,-12.0,274,708,62.36440677966102,-15.0,Frontoparietal control,0.6464883925947693,0.4738060625639369,-0.04855739325284958,-0.19819489680230618
y-18_-12,-18.0,-12.0,274,708,62.36440677966102,-15.0,Default mode,49.17719659124302,20.689228867253902,1.8249188661575317,2.832358330488205
y-24_-18,-24.0,-18.0,187,508,63.76574803149607,-21.0,Visual,27.668063036106123,12.176279518918445,1.103582739830017,2.2422125563025475
y-24_-18,-24.0,-18.0,187,508,63.76574803149607,-21.0,Somatomotor,0.12966287652104527,0.06922257720979766,-0.9373775124549866,-1.5231482684612274
y-24_-18,-24.0,-18.0,187,508,63.76574803149607,-21.0,Dorsal attention,0.7979253939756633,0.5629441981563578,-1.2400387525558472,-2.420133538544178
y-24_-18,-24.0,-18.0,187,508,63.76574803149607,-21.0,Salience/ventral attention,2.1344504288848993,1.5136511529212053,-0.5307493805885315,-1.1888020671904087
y-24_-18,-24.0,-18.0,187,508,63.76574803149607,-21.0,Limbic,21.274685816876122,19.056553202894666,2.2519307136535645,3.5412315279245377
y-24_-18,-24.0,-18.0,187,508,63.76574803149607,-21.0,Frontoparietal control,0.30919609016556954,0.1669089538577505,-0.41913649439811707,-0.9764300659298897
y-24_-18,-24.0,-18.0,187,508,63.76574803149607,-21.0,Default mode,47.68601635747058,14.776696028434554,1.5627974271774292,2.917243167757988
y-30_-24,-30.0,-24.0,138,327,69.08256880733946,-27.0,Visual,67.98603026775321,7.690281801422175,1.0646525621414185,2.831813506782055
y-30_-24,-30.0,-24.0,138,327,69.08256880733946,-27.0,Somatomotor,0.038804811796662786,0.005324813631522897,-0.46218612790107727,-1.0649302043020725
y-30_-24,-30.0,-24.0,138,327,69.08256880733946,-27.0,Dorsal attention,0.038804811796662786,0.0070368024769544716,-0.4847300052642822,-1.2975906021893024
y-30_-24,-30.0,-24.0,138,327,69.08256880733946,-27.0,Salience/ventral attention,0.543267365153279,0.09902390720045268,-0.5893487930297852,-1.5657370910048485
y-30_-24,-30.0,-24.0,138,327,69.08256880733946,-27.0,Limbic,18.62630966239814,4.288394532296971,1.1367765665054321,2.2543851286172867
y-30_-24,-30.0,-24.0,138,327,69.08256880733946,-27.0,Frontoparietal control,0.038804811796662786,0.005384159801862919,-0.13648059964179993,-0.40025548078119755
y-30_-24,-30.0,-24.0,138,327,69.08256880733946,-27.0,Default mode,12.727978269305394,1.013753670220986,0.7050114870071411,1.6437673941254616
y-36_-30,-36.0,-30.0,119,283,66.52296819787986,-33.0,Visual,81.39913232104121,6.588534808181898,0.7846712470054626,2.2849390283226967
y-36_-30,-36.0,-30.0,119,283,66.52296819787986,-33.0,Somatomotor,0.32537960954446854,0.03194888178913738,-0.19323042035102844,-0.4326458089053631
y-36_-30,-36.0,-30.0,119,283,66.52296819787986,-33.0,Dorsal attention,0.16268980477223427,0.021110407430863416,-0.5867347717285156,-1.5230325981974602
y-36_-30,-36.0,-30.0,119,283,66.52296819787986,-33.0,Salience/ventral attention,0.9761388286334056,0.12731645211486772,-0.28089141845703125,-0.8249325677752495
y-36_-30,-36.0,-30.0,119,283,66.52296819787986,-33.0,Limbic,16.323210412147507,2.689180737961226,0.7862650156021118,1.5289085917174816
y-36_-30,-36.0,-30.0,119,283,66.52296819787986,-33.0,Frontoparietal control,0.0,0.0,-0.44553637504577637,-1.252302248030901
y-36_-30,-36.0,-30.0,119,283,66.52296819787986,-33.0,Default mode,0.8134490238611713,0.04636068613815485,0.06218905746936798,0.13071642024442554
y-42_-36,-42.0,-36.0,81,109,77.10091743119266,-39.0,Visual,98.26435246995995,3.2306206654376264,0.5685959458351135,2.6929352432489395
y-42_-36,-42.0,-36.0,81,109,77.10091743119266,-39.0,Somatomotor,0.13351134846461948,0.005324813631522897,-0.47738081216812134,-1.6431691125035286
y-42_-36,-42.0,-36.0,81,109,77.10091743119266,-39.0,Dorsal attention,0.0,0.0,-0.4700028598308563,-1.9493235275149345
y-42_-36,-42.0,-36.0,81,109,77.10091743119266,-39.0,Salience/ventral attention,0.0,0.0,-0.29249313473701477,-1.226378045976162
y-42_-36,-42.0,-36.0,81,109,77.10091743119266,-39.0,Limbic,0.9345794392523364,0.06253908692933083,0.5594825148582458,1.765766181051731
y-42_-36,-42.0,-36.0,81,109,77.10091743119266,-39.0,Frontoparietal control,0.0,0.0,-0.049588821828365326,-0.3347070887684822
y-42_-36,-42.0,-36.0,81,109,77.10091743119266,-39.0,Default mode,0.6675567423230975,0.015453562046051614,0.2864764332771301,1.0884695686399937
