analysis,db,seed,n_cortical_vox_distal,Visual,Somatomotor,Dorsal attention,Salience/ventral attention,Limbic,Frontoparietal control,Default mode
macm,neurosynth,BIL_HIPP,8886,6.4,0.0,12.8,19.2,0.4,21.4,39.9
macm,neurosynth,BIL_aHIPP,7050,5.9,0.0,11.4,17.9,0.7,19.0,45.2
macm,neurosynth,BIL_pHIPP,3618,2.2,0.0,10.4,30.4,0.0,25.5,31.5
macm,neurosynth,L_HIPP,6487,6.5,0.0,11.9,20.7,0.4,19.4,41.1
macm,neurosynth,L_aHIPP,4796,5.2,0.0,10.9,18.9,0.6,18.2,46.2
macm,neurosynth,L_pHIPP,2419,0.9,0.0,5.9,34.8,0.0,24.7,33.7
macm,neurosynth,R_HIPP,5993,5.8,0.0,11.2,20.1,0.2,20.2,42.6
macm,neurosynth,R_aHIPP,4581,5.5,0.0,9.9,18.8,0.6,16.0,49.2
macm,neurosynth,R_pHIPP,1270,1.0,0.0,5.4,42.2,0.0,29.9,21.4
macm,nq_indep,BIL_HIPP,2911,1.8,0.0,8.4,28.3,0.0,21.1,40.4
macm,nq_indep,BIL_aHIPP,1543,0.5,0.0,10.8,28.8,0.0,24.4,35.6
macm,nq_indep,BIL_pHIPP,1593,0.2,0.0,3.1,31.1,0.0,17.0,48.6
macm,nq_indep,L_HIPP,2068,1.0,0.0,7.0,26.9,0.0,20.8,44.2
macm,nq_indep,L_aHIPP,679,1.6,0.0,12.8,22.4,0.0,29.5,33.7
macm,nq_indep,L_pHIPP,1090,0.0,0.0,0.8,30.6,0.0,15.8,52.8
macm,nq_indep,R_HIPP,1224,0.0,0.0,8.5,34.2,0.0,20.8,36.4
macm,nq_indep,R_aHIPP,632,0.0,0.0,13.3,41.5,0.0,26.9,18.4
macm,nq_indep,R_pHIPP,181,0.0,0.0,0.0,38.1,0.0,17.1,44.8
macm,pooled,BIL_HIPP,10513,6.8,0.2,12.1,18.9,0.4,20.2,41.4
macm,pooled,BIL_aHIPP,8362,6.2,0.0,10.9,17.0,0.8,18.3,46.8
macm,pooled,BIL_pHIPP,5288,3.8,0.1,9.2,25.7,0.0,21.6,39.5
macm,pooled,L_HIPP,8190,6.9,0.0,11.2,18.9,0.5,18.1,44.3
macm,pooled,L_aHIPP,6081,5.7,0.0,10.6,16.9,0.8,17.3,48.7
macm,pooled,L_pHIPP,3871,3.3,0.0,5.4,27.1,0.0,21.2,43.0
macm,pooled,R_HIPP,7115,4.9,0.0,10.7,19.2,0.3,19.8,45.0
macm,pooled,R_aHIPP,5441,4.9,0.0,9.9,18.1,0.7,16.0,50.3
macm,pooled,R_pHIPP,2049,1.1,0.0,7.5,32.1,0.0,24.5,34.9
specificity,neurosynth,BIL_HIPP_core75,18035,5.4,0.5,2.1,4.4,25.5,1.9,60.1
specificity,neurosynth,BIL_HIPP,25558,7.1,1.5,3.5,4.2,23.4,3.1,57.3
specificity,neurosynth,BIL_aHIPP_noAmyg,3763,6.1,0.0,0.2,0.2,14.1,0.3,79.1
specificity,neurosynth,BIL_aHIPP,23426,8.1,1.8,2.9,3.6,27.7,2.0,54.0
specificity,neurosynth,BIL_pHIPP_noAmyg,1223,14.0,0.0,0.0,0.2,7.5,0.0,78.3
specificity,neurosynth,BIL_pHIPP,5000,12.8,0.1,0.2,3.5,17.5,1.4,64.5
specificity,neurosynth,L_HIPP,17340,7.7,1.5,1.4,4.8,27.0,1.1,56.4
specificity,neurosynth,L_aHIPP,12430,5.0,0.4,1.7,3.7,32.7,0.9,55.6
specificity,neurosynth,L_pHIPP,2355,12.0,0.0,0.4,0.5,6.6,0.2,80.3
specificity,neurosynth,R_HIPP,14910,8.1,0.2,0.9,3.2,20.4,1.3,65.8
specificity,neurosynth,R_aHIPP,15389,8.4,1.4,2.7,3.1,18.8,2.5,63.2
specificity,neurosynth,R_pHIPP,1006,43.6,0.0,0.1,3.3,4.4,0.4,48.2
specificity,nq_indep,BIL_HIPP,4422,2.9,0.2,0.5,5.7,32.4,1.3,57.1
specificity,nq_indep,BIL_aHIPP,2281,2.8,0.5,0.3,2.8,41.1,1.3,51.2
specificity,nq_indep,BIL_pHIPP,86,15.1,0.0,0.0,0.0,0.0,15.1,69.8
specificity,nq_indep,L_HIPP,1864,2.2,1.1,0.0,1.9,15.7,0.1,79.0
specificity,nq_indep,L_aHIPP,1251,0.6,0.0,0.1,1.8,47.9,0.0,49.6
specificity,nq_indep,L_pHIPP,105,0.0,0.0,0.0,0.0,0.0,0.0,100.0
specificity,nq_indep,R_HIPP,1277,1.6,0.5,0.0,17.6,9.7,0.4,70.2
specificity,nq_indep,R_aHIPP,470,1.9,0.0,3.8,4.7,8.9,0.0,80.6
specificity,nq_indep,R_pHIPP,1,0.0,0.0,0.0,100.0,0.0,0.0,0.0
specificity,pooled,BIL_HIPP_core75,20835,6.7,1.7,1.2,5.6,25.7,2.0,57.1
specificity,pooled,BIL_HIPP,30765,8.2,2.1,3.3,4.3,24.2,4.9,53.1
specificity,pooled,BIL_aHIPP_noAmyg,8148,3.9,0.3,1.3,1.0,20.1,2.7,70.8
specificity,pooled,BIL_aHIPP,26728,6.6,1.5,3.8,4.4,24.4,4.3,55.0
specificity,pooled,BIL_pHIPP_noAmyg,1553,16.4,1.0,0.1,3.5,2.6,2.0,74.4
specificity,pooled,BIL_pHIPP,9200,10.9,2.0,0.6,7.1,10.0,2.3,67.1
specificity,pooled,L_HIPP,22013,7.6,0.8,1.6,3.7,26.0,1.8,58.5
specificity,pooled,L_aHIPP,17511,6.2,0.9,5.1,4.4,26.0,0.8,56.5
specificity,pooled,L_pHIPP,6113,11.7,1.2,0.8,2.0,8.9,0.9,74.4
specificity,pooled,R_HIPP,20715,8.1,1.4,2.6,5.0,21.7,2.5,58.7
specificity,pooled,R_aHIPP,18058,5.2,0.9,2.1,3.2,25.6,2.7,60.4
specificity,pooled,R_pHIPP,709,25.8,3.4,0.0,16.6,3.7,2.4,48.1
