analysis,seed,vox_neurosynth,vox_nq_indep,vox_conjunction,dice,pct_ns_replicated,pct_nq_in_ns,r_unthresholded
macm,BIL_HIPP,16683,8038,7732,0.626,46.3,96.2,0.932
macm,L_HIPP,13320,6131,5770,0.593,43.3,94.1,0.918
macm,R_HIPP,12675,5502,5316,0.585,41.9,96.6,0.907
macm,BIL_aHIPP,14004,5500,5305,0.544,37.9,96.5,0.918
macm,BIL_pHIPP,9468,5441,4968,0.666,52.5,91.3,0.906
macm,L_aHIPP,10625,3637,3468,0.486,32.6,95.4,0.893
macm,L_pHIPP,7373,3976,3606,0.635,48.9,90.7,0.883
macm,R_aHIPP,10234,3961,3825,0.539,37.4,96.6,0.893
macm,R_pHIPP,5683,3045,2907,0.666,51.2,95.5,0.858
specificity,BIL_HIPP,50219,16145,15507,0.467,30.9,96.0,0.876
specificity,L_HIPP,37390,9306,9050,0.388,24.2,97.2,0.822
specificity,R_HIPP,33198,9457,8776,0.411,26.4,92.8,0.811
specificity,BIL_aHIPP,44722,9607,9457,0.348,21.1,98.4,0.827
specificity,BIL_pHIPP,18573,5357,5291,0.442,28.5,98.8,0.743
specificity,L_aHIPP,27214,6658,6182,0.365,22.7,92.9,0.777
specificity,L_pHIPP,12401,3572,3449,0.432,27.8,96.6,0.671
specificity,R_aHIPP,31291,6687,6579,0.346,21.0,98.4,0.782
specificity,R_pHIPP,10079,3380,3302,0.491,32.8,97.7,0.615
