study_id,pmid,record_id,seed,group,N,space,x,y,z,region,table_label,t_or_z,notes
Andrade2011,21753010,PMID21753010,"bilateral hippocampal formation (CA+DG+SUB, Juelich cytoarchitectonic maps) combined",wakefulness epochs (healthy young adults),15,MNI,28,-28,-16,"L/C/R (Posterior) cingulate, uncus, fusiform gyrus, precuneus, culmen, claustrum, thalamus, hippocampus, amygdala",Table 1,t=17.37,"27 wake epochs from 15 subjects; pFWE<1e-6, k>150; cluster peaks only"
Andrade2011,21753010,PMID21753010,"bilateral hippocampal formation (CA+DG+SUB, Juelich cytoarchitectonic maps) combined",wakefulness epochs (healthy young adults),15,MNI,50,2,-32,R Inferior/middle temporal gyrus,Table 1,t=10.93,"27 wake epochs from 15 subjects; pFWE<1e-6, k>150; cluster peaks only"
Andrade2011,21753010,PMID21753010,"bilateral hippocampal formation (CA+DG+SUB, Juelich cytoarchitectonic maps) combined",wakefulness epochs (healthy young adults),15,MNI,24,22,54,R Middle/superior frontal gyrus,Table 1,t=9.72,"27 wake epochs from 15 subjects; pFWE<1e-6, k>150; cluster peaks only"
Andrade2011,21753010,PMID21753010,"bilateral hippocampal formation (CA+DG+SUB, Juelich cytoarchitectonic maps) combined",wakefulness epochs (healthy young adults),15,MNI,6,56,14,"L/R Anterior cingulate, medial frontal gyrus",Table 1,t=9.4,"27 wake epochs from 15 subjects; pFWE<1e-6, k>150; cluster peaks only"
Andrade2011,21753010,PMID21753010,"bilateral hippocampal formation (CA+DG+SUB, Juelich cytoarchitectonic maps) combined",wakefulness epochs (healthy young adults),15,MNI,-44,-70,30,L Angular gyrus,Table 1,t=9.37,"27 wake epochs from 15 subjects; pFWE<1e-6, k>150; cluster peaks only"
Andrade2011,21753010,PMID21753010,"bilateral hippocampal formation (CA+DG+SUB, Juelich cytoarchitectonic maps) combined",wakefulness epochs (healthy young adults),15,MNI,-22,28,52,L Middle/superior frontal gyrus,Table 1,t=9.23,"27 wake epochs from 15 subjects; pFWE<1e-6, k>150; cluster peaks only"
Andrade2011,21753010,PMID21753010,"bilateral hippocampal formation (CA+DG+SUB, Juelich cytoarchitectonic maps) combined",wakefulness epochs (healthy young adults),15,MNI,44,-64,28,"R Middle/superior temporal gyrus, angular gyrus, supramarginal gyrus",Table 1,t=8.81,"27 wake epochs from 15 subjects; pFWE<1e-6, k>150; cluster peaks only"
Andrade2011,21753010,PMID21753010,"bilateral hippocampal formation (CA+DG+SUB, Juelich cytoarchitectonic maps) combined",wakefulness epochs (healthy young adults),15,MNI,-56,-14,-14,L Middle/superior temporal gyrus,Table 1,t=8.25,"27 wake epochs from 15 subjects; pFWE<1e-6, k>150; cluster peaks only"
Kong2008,19052227,PMID19052227,"left hippocampus task-defined cluster (peak -34,-18,-14; 21 voxels)",healthy adults,12,MNI,-34,-18,-12,"Left hippocampus/superior and middle and inferior temporal gyrus/insula/frontal and parietal operculum/postcentral and precentral gyrus/putamen/brainstem (21, 20, 38, 1, 2, 3, 4, 6)",Table 3,7.55,Z score; cluster peak; p<0.001 unc k=20; pre-manipulation resting scan
Kong2008,19052227,PMID19052227,"left hippocampus task-defined cluster (peak -34,-18,-14; 21 voxels)",healthy adults,12,MNI,36,-14,-16,Right hippocampus/superior and middle temporal gyrus/insula/frontal and parietal operculum/postcentral and precentral gyrus/putamen,Table 3,6.47,Z score; cluster peak; p<0.001 unc k=20; pre-manipulation resting scan
Kong2008,19052227,PMID19052227,"left hippocampus task-defined cluster (peak -34,-18,-14; 21 voxels)",healthy adults,12,MNI,38,-2,-40,"Left middle/inferior temporal gyrus (20, 38)",Table 3,5.54,Z score; cluster peak; p<0.001 unc k=20; pre-manipulation resting scan; hemisphere label and x sign disagree in original table (copied as printed)
Kong2008,19052227,PMID19052227,"left hippocampus task-defined cluster (peak -34,-18,-14; 21 voxels)",healthy adults,12,MNI,-16,-46,80,"Right postcentral gyrus/superior parietal lobule (2, 5)",Table 3,4.15,Z score; cluster peak; p<0.001 unc k=20; pre-manipulation resting scan; hemisphere label and x sign disagree in original table (copied as printed)
Kong2008,19052227,PMID19052227,"left hippocampus task-defined cluster (peak -34,-18,-14; 21 voxels)",healthy adults,12,MNI,-18,-44,80,"Left postcentral gyrus/superior parietal lobule (2, 5)",Table 3,4.00,Z score; cluster peak; p<0.001 unc k=20; pre-manipulation resting scan
Kong2008,19052227,PMID19052227,"left hippocampus task-defined cluster (peak -34,-18,-14; 21 voxels)",healthy adults,12,MNI,34,24,6,Right insula/putamen,Table 3,3.99,Z score; cluster peak; p<0.001 unc k=20; pre-manipulation resting scan
Kong2008,19052227,PMID19052227,"left hippocampus task-defined cluster (peak -34,-18,-14; 21 voxels)",healthy adults,12,MNI,16,8,42,"Right ACC (32, 24)",Table 3,3.87,Z score; cluster peak; p<0.001 unc k=20; pre-manipulation resting scan
Kong2008,19052227,PMID19052227,"left hippocampus task-defined cluster (peak -34,-18,-14; 21 voxels)",healthy adults,12,MNI,54,-4,50,"Right precentral gyrus (4, 6)",Table 3,3.74,Z score; cluster peak; p<0.001 unc k=20; pre-manipulation resting scan
Kong2008,19052227,PMID19052227,"left hippocampus task-defined cluster (peak -34,-18,-14; 21 voxels)",healthy adults,12,MNI,40,22,-18,Right orbital prefrontal gyrus (47),Table 3,3.54,Z score; cluster peak; p<0.001 unc k=20; pre-manipulation resting scan
Kong2008,19052227,PMID19052227,"left hippocampus task-defined cluster (peak -34,-18,-14; 21 voxels)",healthy adults,12,MNI,2,0,46,Bilateral ACC (24),Table 3,3.53,Z score; cluster peak; p<0.001 unc k=20; pre-manipulation resting scan
Kong2008,19052227,PMID19052227,"left hippocampus task-defined cluster (peak -34,-18,-14; 21 voxels)",healthy adults,12,MNI,10,-34,-46,Right brainstem,Table 3,3.4,Z score; cluster peak; p<0.001 unc k=20; pre-manipulation resting scan
