author_adjudication_raw,MEANING,record_id,pmid,first_author,year,title,stratum,first_decision,screen_code,screen_reason,second_decision,second_code,second_reason,final_status
Y,exclude,PMID32029885,32029885.0,Leaver AM,2021,Hippocampal subregions and networks linked with antidepressant response to electroconvulsive therapy.,abstract-read,include,I,Hippocampal subregion seeds (ECT CBF loci) mapped to whole-brain networks in healthy control BOLD data.,exclude,E5,ECT in depression; hippocampal CBF loci used as seeds in healthy controls to define networks,included
Y,exclude,PMID24399179,24399179.0,Amft M,2015,Definition and characterization of an extended social-affective default network.,abstract-read,maybe,I,"MACM/rsFC of social-affective DMN seeds; amygdala/hippocampus possibly a seed, unclear",exclude,E7,MACM/rsFC of social-affective DMN seeds; amygdala/hippocampus only a resulting cluster,pending_fulltext
Y,exclude,PMID21494597,21494597.0,Huijbers W,2011,The hippocampus is coupled with the default network during memory retrieval but not during memory encoding.,abstract-read,maybe,I,"Resting-state coherence plus task; hippocampus coupling with DMN, seed approach unclear",exclude,E7,DMN activation during encoding/retrieval with resting coherence; hippocampus not seed for connectivity,pending_fulltext
Y,exclude,PMID38527809,38527809.0,Koslov SR,2024,Dissociable Contributions of the Medial Parietal Cortex to Recognition Memory.,abstract-read,maybe,I,7T precision mapping: medial parietal subregions differ in hippocampal connectivity at task and rest; targets restricted to MPC.,exclude,E7,Medial parietal subregions and their connectivity with hippocampus; MPC-defined,pending_fulltext
Y,exclude,PMID17032778,17032778.0,Canli T,2006,Neural correlates of epigenesis.,abstract-read,maybe,I,Healthy adults; genotype x life stress moderates hippocampal FC with wide network; main-effect map uncertain,exclude,E5,5-HTTLPR genotype x life stress on amygdala/hippocampal resting activity and FC in healthy individuals,pending_fulltext
Y,exclude,PMID23558105,23558105.0,Urner M,2013,Early visual learning induces long-lasting connectivity changes during rest in the human brain.,abstract-read,maybe,E10,Resting hippocampal coupling changes after visual learning; baseline rest map plausibly reported.,exclude,E9,Visual learning changes resting hippocampus-striatum coupling,pending_fulltext
Y,exclude,PMID28728026,28728026.0,Braga RM,2017,Parallel Interdigitated Distributed Networks within the Individual Estimated by Intrinsic Functional Connectivity.,abstract-read,maybe,I,"Precision individual rsFC: default network split into two networks, one coupled to hippocampal formation; hippocampus not explicit seed.",exclude,E7,"Individual-level cortical network parcellation; hippocampal coupling identified from cortical networks, not hippocampal seed",pending_fulltext
N,include,PMID30447076,30447076.0,Hermiller MS,2019,Frequency-specific noninvasive modulation of memory retrieval and its relationship with hippocampal network connectivity.,abstract-read,maybe,E10,TMS study with sham; resting hippocampal-HCN connectivity; baseline hippocampal seed maps plausibly used for targeting.,exclude,E10,Network-targeted parietal TMS frequency effects on hippocampal-HCN connectivity,pending_fulltext
Y,exclude,PMID30578926,30578926.0,Steel A,2019,Finding the baby in the bath water - evidence for task-specific changes in resting state functional connectivity evoked by training.,abstract-read,maybe,I,rsFC of hippocampal (and sensorimotor) regions before/after training; baseline hippocampal rsFC maps plausibly reported,exclude,E10,Training vs time-of-day effects on hippocampal and sensorimotor rsFC,pending_fulltext
Y,exclude,PMID30694459,30694459.0,Murias K,2019,Development of spatial orientation skills: an fMRI study.,abstract-read,maybe,I,Children vs young adults navigation; right hippocampal/parahippocampal seed rsFC; adult-only maps unclear.,exclude,E11,"Children vs adults navigation; hippocampal/parahippocampal seed from activation, only group differences reported",pending_fulltext
Y,exclude,PMID31642530,31642530.0,Zhang R,2020,The neural substrates responsible for how trait anxiety affects delay discounting: Right hippocampal and cerebellar connectivity with bistable right inferior parietal lobule.,abstract-read,maybe,I,VBM-derived right hippocampus seed rsFC with right IPL related to trait anxiety/delay discounting; brain-behaviour only.,exclude,E7,Trait anxiety and delay discounting; right IPL seed connectivity with hippocampus,pending_fulltext
Y,exclude,PMID31928145,31928145.0,Luo S,2020,Resting-state brain network properties mediate the association between the oxytocin receptor gene and interdependence.,abstract-read,maybe,I,"Right hippocampus network metrics and FC with mPFC, dACC, subcortex differ by OXTR genotype; main-effect map unlikely.",exclude,E5,OXTR genotype effects on right hippocampal network metrics and FC in healthy adults,pending_fulltext
Y,exclude,PMID32828928,32828928.0,Zhang Y,2020,Neural mechanisms of AVPR1A RS3-RS1 haplotypes that impact verbal learning and memory.,abstract-read,maybe,I,AVPR1A haplotype effects on rsFC of whole hippocampus and subfields in 1001 healthy young adults; genotype effect only.,exclude,E5,AVPR1A haplotype effects on hippocampal subfield GMV and rsFC in healthy young adults,pending_fulltext
Y,exclude,PMID33316394,33316394.0,Xu N,2021,Spatiotemporal functional interactivity among large-scale brain networks.,abstract-read,maybe,I,"HCP directed connectivity among network nodes; hippocampal nodes show afferent cortical profile, not seed-based",exclude,E7,"Directed network connectivity HCP; hippocampal nodes in graph, no hippocampal seed maps",pending_fulltext
N,include,PMID34740076,34740076.0,Hermiller MS,2022,Evidence from theta-burst stimulation that age-related de-differentiation of the hippocampal network is functional for episodic memory.,abstract-read,maybe,E10,Theta-burst stimulation in young vs older adults; hippocampal network connectivity; baseline maps plausibly reported.,exclude,E10,Theta-burst stimulation effects on hippocampal network connectivity in young vs older adults,pending_fulltext
Y,exclude,PMID38902928,38902928.0,Rosada C,2024,Effects of stress-related neuromodulators on amygdala and hippocampus resting state functional connectivity.,abstract-read,maybe,E10,Yohimbine/hydrocortisone vs placebo effects on hippocampal and amygdala seed-based RSFC; placebo baseline maps plausible.,exclude,E10,Yohimbine/hydrocortisone vs placebo effects on amygdala and hippocampal seed rsFC,pending_fulltext
N,include,PMID39488200,39488200.0,Reznik D,2024,Evidence for convergence of distributed cortical processing in band-like functional zones in human entorhinal cortex.,abstract-read,maybe,I,"Precision fMRI of hippocampal-entorhinal system and distributed cortical networks; entorhinal focus, hippocampal long-axis seeding partly.",exclude,E7,Precision imaging of entorhinal cortex bands and cortical networks; EC-focused,pending_fulltext
Y,exclude,PMID39545928,39545928.0,Tompary A,2024,Integration of overlapping sequences emerges with consolidation through medial prefrontal cortex neural ensembles and hippocampal-cortical connectivity.,abstract-read,maybe,I,Post-learning rest connectivity of posterior hippocampus with LOC; unclear if seed-to-whole-brain.,exclude,E9,Post-learning posterior hippocampus-LOC rest connectivity and mPFC patterns,pending_fulltext
Y,exclude,PMID40253694,40253694.0,Ouyang Z,2025,Enhanced reciprocal connections of the prefrontoparietal-thalamo-hippocampal circuit in older adults.,abstract-read,maybe,I,"Resting rDCM ageing effects in prefrontoparietal-thalamo-hippocampal circuit; circuit-restricted, healthy young vs old.",exclude,E9,Regression DCM within prefrontoparietal-thalamo-hippocampal circuit in older vs young adults; circuit-restricted,pending_fulltext
N,include,PMID41266803,41266803.0,Apasamy K,2025,Mapping hippocampal-cerebellar functional connectivity across the human adult lifespan.,abstract-read,maybe,I,Hippocampal seed rsFC across adult lifespan focused on cerebellum; cortical maps unclear,exclude,E9,Hippocampal seed rsFC mapped to cerebellar lobules across adult lifespan; cerebellum-restricted,pending_fulltext
N,include,PMID17999985,17999985.0,Rissman J,2008,"Dynamic adjustments in prefrontal, hippocampal, and inferior temporal interactions with increasing visual working memory load.",abstract-read,maybe,I,Task FC of hippocampus with FFA/IFG under WM load; unclear if whole-brain hippocampal seed analysis,exclude,E9,"WM load connectivity among hippocampus, FFA and IFG ROIs only",pending_fulltext
Y,exclude,PMID24468408,24468408.0,Vink M,2014,Functional differences in emotion processing during adolescence and early adulthood.,abstract-read,maybe,I,"Amygdala/hippocampus coupling with OFC/VLPFC ages 10-24; developmental, possibly ROI-limited",exclude,E6,Developmental sample aged 10-24; amygdala/hippocampus coupling with OFC/VLPFC changes with age,pending_fulltext
N,include,PMID25996135,25996135.0,Gluth S,2015,Effective Connectivity between Hippocampus and Ventromedial Prefrontal Cortex Controls Preferential Choices from Memory.,abstract-read,maybe,E9,Hippocampus-vmPFC connectivity during memory-based choice; unclear if whole-brain hippocampal PPI reported.,exclude,E9,Hippocampus-vmPFC effective connectivity in memory-based choice,pending_fulltext
Y,exclude,PMID27284194,27284194.0,Brown TI,2016,Prospective representation of navigational goals in the human hippocampus.,abstract-read,maybe,E11,"Hippocampal goal-representation strength covaried with cortical pattern coding; representational, not standard FC.",exclude,E7,MVPA of hippocampal goal representations and pattern covariation; not seed FC map,pending_fulltext
N,include,PMID28242796,28242796.0,Westphal AJ,2017,Episodic Memory Retrieval Benefits from a Less Modular Brain Network Organization.,abstract-read,maybe,I,Graph-theory task FC; FPCN and DMN coupling with hippocampus during retrieval; hippocampal-specific results limited.,exclude,E7,Graph modularity during episodic retrieval; FPCN/DMN coupling with hippocampus,pending_fulltext
N,include,PMID37607818,37607818.0,Poskanzer C,2023,Switching between External and Internal Attention in Hippocampal Networks.,abstract-read,maybe,I,"Background connectivity of hippocampus with basal forebrain and dorsal attention network differs by attention task; ROI-based, whole-brain unclear.",exclude,E9,Background connectivity of hippocampus with basal forebrain and DAN only,pending_fulltext
Y,exclude,PMID38839620,38839620.0,Rolls ET,2024,"Selective activations and functional connectivities to the sight of faces, scenes, body parts and tools in visual and non-visual cortical regions leading to the human hippocampus.",abstract-read,maybe,I,HCP-MMP 360-region task FC to visual categories framed as routes to hippocampus; hippocampal connectivity not explicit in abstract.,exclude,E7,HCP activation and FC of cortical regions to visual categories; hippocampus not seed,pending_fulltext
N,include,PMID39436048,39436048.0,Rolls ET,2024,"Selective Brain Activations and Connectivities Related to the Storage and Recall of Human Object-Location, Reward-Location, and Word-Pair Episodic Memories.",abstract-read,maybe,I,Effective connectivity between cortical systems and hippocampus across HCP-MMP regions during episodic tasks; seed framing unclear.,exclude,E7,Activation and effective connectivity of cortical streams to hippocampus in episodic tasks; hippocampus as target,pending_fulltext
N,include,PMID40242399,40242399.0,Yang Z,2024,Pattern separation involves regions beyond the hippocampus in non-demented elderly individuals: A 7T object lure task fMRI study.,abstract-read,maybe,I,7T task FC between hippocampal subfield ROIs and pattern-separation regions in older adults; restricted to activated clusters.,exclude,E9,7T pattern separation; task FC between hippocampal ROIs and pattern-separation regions only,pending_fulltext
Y,exclude,PMID40354395,40354395.0,Ren Y,2025,Music Modulates Medial Temporal Lobe Connectivity with Frontostriatal Loops and Enhances Visual Sequential Learning.,abstract-read,maybe,I,Music modulates MTL-prefrontal and striatum-hippocampus connectivity during visual sequence encoding; seed and extent unclear.,exclude,E9,Music effects on prefrontal-MTL and striatum-hippocampus connectivity,pending_fulltext
N,include,PMID40392111,40392111.0,Shiomi Y,2025,Dissociable Neural Mechanisms in the Default Mode Network Underlying Age-related Differences in Survival-related Memory Enhancement.,abstract-read,maybe,I,Hippocampal FC with dmPFC related to survival memory in young vs older adults; whole-brain extent unclear.,exclude,E7,DMN subsystem activity/MVPA/FC in young vs older adults for survival memory,pending_fulltext
Y,exclude,PMID42421580,42421580.0,Shi A,2026,Neural mechanisms of error-driven learning in retrieval practice: confidence gates memory and metamemory networks.,abstract-read,maybe,I,Retrieval practice: hippocampus-IFG FC engaged under low confidence; seed-based extent unclear.,exclude,E9,Retrieval practice confidence; hippocampus-IFG connectivity pair,pending_fulltext
N,include,PMID22573677,22573677.0,Libby LA,2012,Differential connectivity of perirhinal and parahippocampal cortices within human hippocampal subregions revealed by high-resolution functional imaging.,abstract-read,maybe,I,PRC/PHC seeds; rsFC with hippocampal long axis and subfields; hippocampal whole-brain maps not clearly reported.,exclude,E7,PRC and PHC seeds' rsFC with hippocampal subfields and neocortex; hippocampus is target not seed,excluded_eligibility
Y,exclude,PPRPPR215319,,Moyal R,2020,Auditory Target Detection Enhances Visual Processing and Hippocampal Functional Connectivity,abstract-read,maybe,I,Task FC between hippocampus and ventral visual cortex after auditory targets; whole-brain extent unclear,exclude,E9,Auditory target detection and ventral visual cortex-hippocampus connectivity,excluded_eligibility
Y,exclude,PPRPPR987244,,Yang M,2025,The Neurocognitive Mechanisms Underlying Narrative Schematic and Paraphrastic Transmission,abstract-read,maybe,I,Hippocampal subregions and DMN subsystems FC pattern similarity during narrative transmission; whole-brain extent unclear.,exclude,E7,Narrative transmission; DMN/HPC FC pattern similarity; no hippocampal seed map,excluded_eligibility
N,include,PMID33327969,33327969.0,Čermaková P,2022,Socioeconomic deprivation in early life and symptoms of depression and anxiety in young adulthood: mediating role of hippocampal connectivity.,rule-excluded sample,exclude,E5,E5: clinical / at-risk / exposure population is the focus of the study (title); healthy-group-only hippocampal connectivity not the primary outcome,maybe,I,Community young adults; early deprivation and right hippocampus global/seed connectivity; exposure-focused cohort,excluded_screening
N,include,PMID36066181,36066181.0,Han SD,2022,Cognitive decline and hippocampal functional connectivity within older Black adults.,rule-excluded sample,exclude,E5,E5: clinical / at-risk / exposure population is the focus of the study (title); healthy-group-only hippocampal connectivity not the primary outcome,include,I,Whole-brain voxelwise hippocampal-seed rsFC related to cognitive decline in older Black adults without dementia,excluded_screening
N,include,PMID37817668,37817668.0,Schweitzer N,2024,Sex-dependent alterations in hippocampal connectivity are linked to cerebrovascular and amyloid pathologies in normal aging.,rule-excluded sample,exclude,E5,E5: clinical / at-risk / exposure population is the focus of the study (title); healthy-group-only hippocampal connectivity not the primary outcome,maybe,I,"Cognitively normal older adults: longitudinal hippocampal task FC during face-name encoding vs amyloid/WMH, sex effects",excluded_screening
N,include,PMID40103362,40103362.0,Zhou L,2025,The hippocampus-IPL connectivity links to ADHD traits through sensory processing sensitivity.,rule-excluded sample,exclude,E5,E5: clinical / at-risk / exposure population is the focus of the study (title); healthy-group-only hippocampal connectivity not the primary outcome,maybe,I,Sensory processing sensitivity related to rostral hippocampus-IPL rsFC in healthy adults; seed whole-brain analysis plausible,excluded_screening
N,include,PMID40467423,40467423.0,Lindsay D,2025,The amnesic effects of propofol on functional connectivity in the hippocampus determined by functional magnetic resonance imaging in volunteers.,rule-excluded sample,exclude,E5,E5: clinical / at-risk / exposure population is the focus of the study (title); healthy-group-only hippocampal connectivity not the primary outcome,maybe,I,Propofol sedation effects on hippocampal subfield whole-brain FC in volunteers; baseline maps plausibly reported,excluded_screening
N,include,PPRPPR1305294,,Skalaban LJ,2026,The hippocampus and cortical memory networks have an inflection point in middle childhood,rule-excluded sample,exclude,E6,E6: paediatric / developmental sample only (title),maybe,I,"Movie-fMRI hippocampus-to-PM/AT cortical network FC in children and adults; developmental focus, adult maps uncertain",excluded_screening
Y,exclude,PMID18799601,18799601.0,Vincent JL,2008,Evidence for a frontoparietal control system revealed by intrinsic functional connectivity.,abstract-read,exclude,E7,Defines frontoparietal control system via rsFC; hippocampus not used as seed in this study,maybe,I,Frontoparietal control network defined relative to hippocampal-cortical memory system via intrinsic FC; hippocampal seed use unclear,excluded_screening
Y,exclude,PMID20850549,20850549.0,Deshpande G,2011,Instantaneous and causal connectivity in resting state brain networks derived from functional MRI data.,abstract-read,exclude,E7,"Granger/FC among nodes of four networks; hippocampus a node, no hippocampal seed-to-whole-brain map.",maybe,I,"Granger/FC among DMN, hippocampal-cortical memory, DAN, FPCN nodes; hippocampus a node receiving inputs",excluded_screening
Y,exclude,PMID25394655,25394655.0,Doxey CR,2015,Structural and functional correlates of behavioral pattern separation in the hippocampus and medial temporal lobe.,abstract-read,exclude,E9,Subfield volumetry predicts pattern separation; rsFC hippocampus to few memory cortical ROIs as predictor only,maybe,I,Young vs older adults; resting hippocampal FC with memory-related cortical structures vs pattern separation; likely ROI-limited,excluded_screening
N,include,PMID25639205,25639205.0,Wang JX,2015,Long-lasting enhancements of memory and hippocampal-cortical functional connectivity following multiple-day targeted noninvasive stimulation.,abstract-read,exclude,E10,Multi-day TMS effect on hippocampal-cortical network FC; stimulation outcome.,maybe,E10,"Multi-day TMS targeting hippocampal-cortical network; hippocampal seed FC with posterior network, baseline maps plausible",excluded_screening
Y,exclude,PMID26918588,26918588.0,Baran B,2016,Age-related Changes in the Sleep-dependent Reorganization of Declarative Memories.,abstract-read,exclude,E10,Nap vs wake effects on retrieval activation and hippocampus-PFC FC in young vs older adults; sleep manipulation.,maybe,I,"Young vs older adults; hippocampal-PFC connectivity during post-nap vs wake retrieval; seed extent unclear, state manipulation",excluded_screening
N,include,PMID30725233,30725233.0,Just MA,2019,"Converging measures of neural change at the microstructural, informational, and cortical network levels in the hippocampus during the learning of the structure of organic compounds.",abstract-read,exclude,E9,Hippocampus-parietal FC changes during learning; restricted regions,maybe,I,Learning-related change in FC between a small hippocampal region and parietal regions; whole-brain extent unclear,excluded_screening
Y,exclude,PMID31366391,31366391.0,Meusel LC,2019,Cardiovascular risk and encoding-related hippocampal connectivity in older adults.,abstract-read,exclude,E5,Cardiovascular-risk older adults; hippocampal PPI moderated by Framingham risk.,maybe,I,Left hippocampal PPI during encoding related to Framingham cardiovascular risk in cognitively intact older adults,excluded_screening
Y,exclude,PMID33326326,33326326.0,Miendlarzewska EA,2021,Prior Reward Conditioning Dampens Hippocampal and Striatal Responses during an Associative Memory Task.,abstract-read,exclude,E9,Reward conditioning; hippocampus-ventral striatum/vmPFC FC only.,maybe,I,Hippocampal FC with ventral striatum and vmPFC during recall modulated by prior reward; main map unlikely,excluded_screening
Y,exclude,PPRPPR280850,,Assouline A,2021,Weaving a story: narrative formation over prolonged time scales relies on cortical cohesiveness of distributed brain networks,abstract-read,exclude,E9,Movie narrative MVPA/ISC; hippocampal activation correlated with visual hierarchy only.,maybe,I,Movie narrative study; hippocampal activity correlated with visual hierarchy over time; hippocampal FC analysis scope unclear,excluded_screening
Y,exclude,PMID36669853,36669853.0,van den Berg NH,2023,Sleep strengthens resting-state functional communication between brain areas involved in the consolidation of problem-solving skills.,abstract-read,exclude,E10,Sleep vs wake consolidation effects on hippocampal seed rsFC; group change outcome only.,maybe,I,Sleep vs nap vs wake; hippocampal seed-to-whole-brain rsFC shows strengthened hippocampal-prefrontal FC; state manipulation focus,excluded_screening
Y,exclude,PMID39455948,39455948.0,Caillaud M,2024,Structural and functional sex differences in medial temporal lobe subregions at midlife.,abstract-read,exclude,E9,"ROI-to-ROI FC among MTL subregions only, sex differences at midlife",maybe,I,Midlife healthy adults; MTL subregion (pHPC) ROI-to-ROI FC and fALFF by sex/age; extent of targets unclear,excluded_screening
Y,exclude,PMID40742119,40742119.0,Li C,2025,Salient Memory: Effects of Distributed Learning on Cortical Regions During Memory Retrieval.,abstract-read,exclude,E9,Distributed learning; hippocampus-prefrontal FC condition contrast only.,maybe,I,Distributed vs massed learning retrieval; hippocampus-prefrontal FC differs by condition; seed/whole-brain unclear,excluded_screening
Y,exclude,PMID40835124,40835124.0,Luo X,2025,Limbic functional connectivity during stress induction and post-stress rest regulates cortisol stress reactivity and recovery differently.,abstract-read,exclude,E10,Stress-induction and post-stress gPPI of limbic seeds; state manipulation.,maybe,I,Seed-to-voxel gPPI incl. hippocampus seed during stress induction/post-stress rest related to cortisol; state manipulation,excluded_screening
N,include,PPRPPR986055,,Shim WM,2025,Solving the Narrative Puzzle: Hippocampal Systems for Event Encoding and Sequencing during Ongoing Comprehension,abstract-read,exclude,E9,Hippocampus-vmPFC and hippocampus-PMC connectivity predicting narrative abilities; ROI pairs only.,maybe,I,Narrative movie fMRI: hippocampus-vmPFC and hippocampus-PMC FC predict sequencing/encoding; unclear if whole-brain,excluded_screening
N,include,PMID23128076,23128076.0,Zarei M,2013,Functional segmentation of the hippocampus in the healthy human brain and in Alzheimer's disease.,rule-excluded sample,exclude,E9,"Reviewer override (key-study verification): HC group analysed, but hippocampal segmentation uses connectivity with only 3 targets (thalamus, PFC, PCC); key study, not whole-brain [original: exclude E5]",maybe,I,"Functional segmentation of hippocampus (head/body/tail) by connectivity with PFC, PCC, thalamus in healthy subjects and AD; limited targets",excluded_screening
