G1_decile,G1_mean,longaxis_mm,network,specific_coact
1,-8.985207557678223,-20.801158032489656,Default mode,7.351635456085205
1,-8.985207557678223,-20.801158032489656,Dorsal attention,-2.4043264389038086
1,-8.985207557678223,-20.801158032489656,Frontoparietal control,0.8075629472732544
1,-8.985207557678223,-20.801158032489656,Limbic,6.33150577545166
1,-8.985207557678223,-20.801158032489656,Salience/ventral attention,0.3660525977611542
1,-8.985207557678223,-20.801158032489656,Somatomotor,0.16041867434978485
1,-8.985207557678223,-20.801158032489656,Visual,5.126228332519531
2,-6.833615779876709,-11.20497910350789,Default mode,7.579864501953125
2,-6.833615779876709,-11.20497910350789,Dorsal attention,-3.541283369064331
2,-6.833615779876709,-11.20497910350789,Frontoparietal control,0.21051788330078125
2,-6.833615779876709,-11.20497910350789,Limbic,6.507187843322754
2,-6.833615779876709,-11.20497910350789,Salience/ventral attention,0.25939637422561646
2,-6.833615779876709,-11.20497910350789,Somatomotor,-0.5013754963874817
2,-6.833615779876709,-11.20497910350789,Visual,4.303874969482422
3,-5.584863185882568,-7.737447020162104,Default mode,7.6379008293151855
3,-5.584863185882568,-7.737447020162104,Dorsal attention,-4.310947418212891
3,-5.584863185882568,-7.737447020162104,Frontoparietal control,-0.20200863480567932
3,-5.584863185882568,-7.737447020162104,Limbic,6.800111293792725
3,-5.584863185882568,-7.737447020162104,Salience/ventral attention,-0.3619246482849121
3,-5.584863185882568,-7.737447020162104,Somatomotor,-0.9238926768302917
3,-5.584863185882568,-7.737447020162104,Visual,3.730661153793335
4,-4.147031784057617,-4.194461376968556,Default mode,7.944736480712891
4,-4.147031784057617,-4.194461376968556,Dorsal attention,-4.914040565490723
4,-4.147031784057617,-4.194461376968556,Frontoparietal control,-0.7260057330131531
4,-4.147031784057617,-4.194461376968556,Limbic,7.654969215393066
4,-4.147031784057617,-4.194461376968556,Salience/ventral attention,-0.5621828436851501
4,-4.147031784057617,-4.194461376968556,Somatomotor,-0.9645724892616272
4,-4.147031784057617,-4.194461376968556,Visual,3.3044087886810303
5,-2.759239435195923,-0.07077008986940411,Default mode,8.608980178833008
5,-2.759239435195923,-0.07077008986940411,Dorsal attention,-4.755138397216797
5,-2.759239435195923,-0.07077008986940411,Frontoparietal control,-0.7108865976333618
5,-2.759239435195923,-0.07077008986940411,Limbic,8.665986061096191
5,-2.759239435195923,-0.07077008986940411,Salience/ventral attention,-0.6380935907363892
5,-2.759239435195923,-0.07077008986940411,Somatomotor,-0.7401841878890991
5,-2.759239435195923,-0.07077008986940411,Visual,2.9202840328216553
6,-0.9672023057937622,1.9898496271966866,Default mode,8.104575157165527
6,-0.9672023057937622,1.9898496271966866,Dorsal attention,-5.0456767082214355
6,-0.9672023057937622,1.9898496271966866,Frontoparietal control,-0.8026542067527771
6,-0.9672023057937622,1.9898496271966866,Limbic,9.388148307800293
6,-0.9672023057937622,1.9898496271966866,Salience/ventral attention,-0.9901851415634155
6,-0.9672023057937622,1.9898496271966866,Somatomotor,-0.883745014667511
6,-0.9672023057937622,1.9898496271966866,Visual,2.851500988006592
7,1.8222575187683105,5.648182567806605,Default mode,7.84218692779541
7,1.8222575187683105,5.648182567806605,Dorsal attention,-5.452542304992676
7,1.8222575187683105,5.648182567806605,Frontoparietal control,-1.30189049243927
7,1.8222575187683105,5.648182567806605,Limbic,9.787818908691406
7,1.8222575187683105,5.648182567806605,Salience/ventral attention,-1.2923299074172974
7,1.8222575187683105,5.648182567806605,Somatomotor,-0.9540660381317139
7,1.8222575187683105,5.648182567806605,Visual,2.5034303665161133
8,5.395147323608398,10.064374223376047,Default mode,7.714203834533691
8,5.395147323608398,10.064374223376047,Dorsal attention,-5.852675914764404
8,5.395147323608398,10.064374223376047,Frontoparietal control,-1.5116596221923828
8,5.395147323608398,10.064374223376047,Limbic,10.703666687011719
8,5.395147323608398,10.064374223376047,Salience/ventral attention,-1.8815640211105347
8,5.395147323608398,10.064374223376047,Somatomotor,-1.277858853340149
8,5.395147323608398,10.064374223376047,Visual,2.2911505699157715
9,8.822906494140625,11.865761947842564,Default mode,6.3410563468933105
9,8.822906494140625,11.865761947842564,Dorsal attention,-5.80253791809082
9,8.822906494140625,11.865761947842564,Frontoparietal control,-1.9644800424575806
9,8.822906494140625,11.865761947842564,Limbic,9.517690658569336
9,8.822906494140625,11.865761947842564,Salience/ventral attention,-1.9553076028823853
9,8.822906494140625,11.865761947842564,Somatomotor,-1.543495535850525
9,8.822906494140625,11.865761947842564,Visual,1.9253309965133667
10,12.903947830200195,14.479367574345238,Default mode,4.959373474121094
10,12.903947830200195,14.479367574345238,Dorsal attention,-6.453409194946289
10,12.903947830200195,14.479367574345238,Frontoparietal control,-2.622450590133667
10,12.903947830200195,14.479367574345238,Limbic,9.07335090637207
10,12.903947830200195,14.479367574345238,Salience/ventral attention,-2.5706875324249268
10,12.903947830200195,14.479367574345238,Somatomotor,-2.8989391326904297
10,12.903947830200195,14.479367574345238,Visual,1.5823291540145874
