Cluster ID,X,Y,Z,Z-score,Cluster Size (mm3),Region (Harvard-Oxford),Yeo-7 network,ALE
1,30.0,-26.0,-12.0,21.621408462524414,12320,R Hippocampus,,0.402913898229599
1a,24.0,-6.0,-16.0,11.432293891906738,,R Amygdala,,0.21226684749126434
2,-28.0,-24.0,-12.0,12.38911247253418,9888,L Hippocampus,,0.22991526126861572
2a,-24.0,-10.0,-16.0,10.754788398742676,,L Amygdala,,0.1999131143093109
3,-8.0,-14.0,8.0,7.1137518882751465,368,L Thalamus,,0.13630647957324982
4,10.0,-18.0,6.0,6.634463787078857,296,R Thalamus,,0.12840992212295532
5,-4.0,-54.0,26.0,6.627867698669434,512,"L Cingulate Gyrus, posterior division",Default mode,0.12830010056495667
6,34.0,26.0,-6.0,6.562748908996582,408,R Frontal Orbital Cortex,Frontoparietal control,0.12723921239376068
7,-2.0,14.0,46.0,6.55439567565918,224,L Paracingulate Gyrus,Salience/ventral attention,0.1271008998155594
8,-4.0,48.0,4.0,6.101680755615234,152,L Paracingulate Gyrus,Default mode,0.1197761818766594
9,-32.0,20.0,-2.0,6.00605583190918,192,L Insular Cortex,Salience/ventral attention,0.11825069040060043
