,id,PositiveTail 1,PositiveTail 2,PositiveTail 3,PositiveTail 4,PositiveTail 5,PositiveTail 6,PositiveTail 7,PositiveTail 8
0,"Andrade2011-bilateral hippocampal formation (CA+DG+SUB, Juelich cytoarch",0.0,0.0,5.119135948916664e-06,0.0,0.03515533357858658,0.15620951354503632,0.10350047051906586,0.007495360914617777
1,Chase2015-Right Posterior subiculum subregion (MACM-CBP cluster of Jue,0.09559538960456848,0.1011490672826767,0.0,0.00466943671926856,0.0952027216553688,0.30882030725479126,0.2552338242530823,0.20755784213542938
2,Ekpo2025-L_HIPP,0.027626952156424522,0.0,0.0,0.0,0.0,0.0,0.0,0.0
3,"Hermiller2022_OA15-left hippocampal body, subject-specific voxel (search around",0.019124014303088188,0.00029267551144585013,9.067130690709746e-08,0.09660455584526062,0.033893052488565445,0.1338191032409668,0.12004653364419937,0.09905555844306946
4,"Hermiller2022_YA15-left hippocampal body, subject-specific voxel (search around",0.02861960604786873,0.003948237281292677,0.11977550387382507,0.11219371855258942,0.031302981078624725,0.054892975836992264,0.007143144495785236,0.09654587507247925
5,Kenny2012-L_HIPP+R_HIPP,0.09231044352054596,0.10790229588747025,0.0,0.00011633680696832016,0.03810965269804001,0.0,0.0,0.0
6,"Kong2008-left hippocampus task-defined cluster (peak -34,-18,-14; 21",0.014800064265727997,0.0,0.0,0.0,0.01927732117474079,0.0,0.0,0.0
7,Kraguljac2014-L_HIPP,0.027292517945170403,0.0,1.2476155461627059e-05,0.0,0.00041237197001464665,0.0,0.0,0.0
8,Lampit2015-R_HIPP,0.07958189398050308,9.426949691260234e-05,0.0,4.852429569268679e-08,0.041317787021398544,0.0,0.0,0.0
9,Lindsay2025-BIL_HIPP,0.0,0.0,0.0,0.0,0.03619818761944771,0.0,0.0,0.0
10,Morgan2009-L_aHIPP,0.017383143305778503,0.0,0.0,0.0,0.0272368211299181,0.0,0.0,0.0
11,"Qin2016-aHIP: left anterior hippocampus (head) node, sphere at MNI -",0.13773730397224426,0.15604305267333984,0.19560517370700836,0.2541857361793518,0.1331249475479126,2.4478382329107262e-05,0.11766605079174042,0.1804507076740265
12,"Smagula2018-Right dentate gyrus/CA4 (FreeSurfer 6.0 subfield, 7T)",0.06645487993955612,0.11517690122127533,0.0,0.001350798294879496,0.06670089066028595,0.0,0.011280073784291744,0.0
13,Tahmasian2013-BIL_HIPP,0.025830794125795364,0.0001509778667241335,0.11282112449407578,0.059368278831243515,0.03399212285876274,0.13333705067634583,0.15446491539478302,0.19408032298088074
14,"Wagner2016-R anterior hippocampus 5-mm sphere MNI 28,-12,-20 (partial c",0.08385473489761353,0.17021627724170685,0.23097330331802368,0.1807030439376831,0.0821002870798111,0.0419142059981823,0.13053341209888458,0.1898512989282608
15,Ward2014-all-hip: bilateral hippocampus (AAL x face-name encoding HCH,1.1860010999953374e-05,0.11499784886837006,0.1414344757795334,0.08081209659576416,0.03248344361782074,0.0,0.0,0.0
16,Yan2016-L_HIPP,0.036898281425237656,0.0031258268281817436,0.0014057430671527982,1.833989138333436e-08,0.04546486586332321,0.0,0.0,0.0
17,Ye2021-L_HIPP+R_HIPP,0.020671408623456955,0.0,0.0,0.0,0.032047200947999954,0.0,0.0,0.0
18,"ZhangJ2021-bilateral hippocampus (Harvard-Oxford, whole)",0.0,0.0776185393333435,0.0021864515729248524,0.10531128197908401,0.0,0.16333121061325073,0.09318114817142487,0.0
19,Zhao2019-hippocampal subregion IC1 (masked-ICA/mICA of Harvard-Oxford,0.2171289324760437,0.1420535147190094,0.18767590820789337,0.0985451340675354,0.20633499324321747,0.0,0.0,0.017093922942876816
